,city,latitude,longitude,date,temperature_max,temperature_min,temperature_moyenne,precipitation,probabilite_pluie,vent,meteo_code,risk_score,risk_level
0,Ad Dakhla,23.7167,-15.95,2026-09-18,21.3,20.3,20.8,0.0,0,35.9,0,10,LOW
1,Ad Dakhla,23.7167,-15.95,2026-09-19,21.1,19.9,20.5,0.0,0,30.3,0,10,LOW
2,Ad Dakhla,23.7167,-15.95,2026-09-20,21.6,19.5,20.55,0.0,0,29.3,0,5,LOW
3,Ad Dakhla,23.7167,-15.95,2026-09-21,21.6,20.2,20.9,0.0,4,27.7,0,5,LOW
4,Ad Dakhla,23.7167,-15.95,2026-09-22,21.9,19.9,20.9,0.0,6,28.9,0,5,LOW
5,Ad Dakhla,23.7167,-15.95,2026-09-23,22.0,20.5,21.25,0.0,6,28.9,3,5,LOW
6,Ad Dakhla,23.7167,-15.95,2026-09-24,23.0,20.5,21.75,0.0,8,23.4,3,5,LOW
7,Ad Darwa,33.4167,-7.5333,2026-09-18,27.0,16.7,21.85,0.0,0,17.6,3,20,LOW
8,Ad Darwa,33.4167,-7.5333,2026-09-19,30.4,18.1,24.25,0.0,0,16.1,45,20,LOW
9,Ad Darwa,33.4167,-7.5333,2026-09-20,34.5,19.8,27.15,0.0,0,16.1,2,20,LOW
10,Ad Darwa,33.4167,-7.5333,2026-09-21,33.6,21.0,27.3,0.0,0,16.1,1,20,LOW
11,Ad Darwa,33.4167,-7.5333,2026-09-22,33.2,19.8,26.5,0.0,0,14.7,45,20,LOW
12,Ad Darwa,33.4167,-7.5333,2026-09-23,33.1,17.8,25.450000000000003,0.0,0,18.8,45,20,LOW
13,Ad Darwa,33.4167,-7.5333,2026-09-24,32.8,18.6,25.7,0.0,0,17.3,45,20,LOW
14,Agadir,30.4214,-9.5831,2026-09-18,25.9,19.4,22.65,0.0,0,10.5,2,20,LOW
15,Agadir,30.4214,-9.5831,2026-09-19,26.2,20.3,23.25,0.0,0,14.8,2,20,LOW
16,Agadir,30.4214,-9.5831,2026-09-20,27.9,20.8,24.35,0.0,0,11.6,45,20,LOW
17,Agadir,30.4214,-9.5831,2026-09-21,33.4,21.6,27.5,0.0,0,8.6,3,15,LOW
18,Agadir,30.4214,-9.5831,2026-09-22,32.9,23.3,28.1,0.0,0,11.2,45,20,LOW
19,Agadir,30.4214,-9.5831,2026-09-23,35.6,20.1,27.85,0.0,0,13.6,45,30,LOW
20,Agadir,30.4214,-9.5831,2026-09-24,34.0,18.2,26.1,0.0,0,13.6,45,20,LOW
21,Aguelmous,33.1324,-5.8366,2026-09-18,30.1,14.1,22.1,0.0,0,20.7,3,20,LOW
22,Aguelmous,33.1324,-5.8366,2026-09-19,32.0,17.6,24.8,0.0,18,18.8,3,20,LOW
23,Aguelmous,33.1324,-5.8366,2026-09-20,32.3,19.9,26.099999999999998,0.1,10,19.6,2,25,LOW
24,Aguelmous,33.1324,-5.8366,2026-09-21,32.1,19.2,25.65,0.0,15,22.0,2,20,LOW
25,Aguelmous,33.1324,-5.8366,2026-09-22,30.5,18.8,24.65,0.0,5,18.2,3,20,LOW
26,Aguelmous,33.1324,-5.8366,2026-09-23,31.8,17.8,24.8,0.0,0,16.5,1,20,LOW
27,Aguelmous,33.1324,-5.8366,2026-09-24,32.4,17.6,25.0,0.0,0,16.2,3,20,LOW
28,Ain El Aouda,33.8111,-6.7922,2026-09-18,27.8,14.9,21.35,0.0,0,17.2,3,20,LOW
29,Ain El Aouda,33.8111,-6.7922,2026-09-19,32.4,16.2,24.299999999999997,0.0,0,17.3,1,20,LOW
30,Ain El Aouda,33.8111,-6.7922,2026-09-20,33.7,18.7,26.200000000000003,0.0,0,15.8,1,20,LOW
31,Ain El Aouda,33.8111,-6.7922,2026-09-21,34.1,19.6,26.85,0.0,0,17.6,1,20,LOW
32,Ain El Aouda,33.8111,-6.7922,2026-09-22,33.2,19.2,26.200000000000003,0.0,0,15.0,0,20,LOW
33,Ain El Aouda,33.8111,-6.7922,2026-09-23,33.3,17.3,25.299999999999997,0.0,0,16.9,0,20,LOW
34,Ain El Aouda,33.8111,-6.7922,2026-09-24,32.2,17.5,24.85,0.0,0,16.1,3,20,LOW
35,Ait Ali,30.1739,-9.4881,2026-09-18,25.9,19.0,22.45,0.0,0,22.0,2,20,LOW
36,Ait Ali,30.1739,-9.4881,2026-09-19,26.3,19.8,23.05,0.0,0,21.6,2,20,LOW
37,Ait Ali,30.1739,-9.4881,2026-09-20,27.1,20.0,23.55,0.0,0,19.1,45,20,LOW
38,Ait Ali,30.1739,-9.4881,2026-09-21,34.8,21.5,28.15,0.0,0,18.6,3,20,LOW
39,Ait Ali,30.1739,-9.4881,2026-09-22,32.8,21.8,27.299999999999997,0.0,0,21.5,0,20,LOW
40,Ait Ali,30.1739,-9.4881,2026-09-23,31.1,20.9,26.0,0.0,0,16.0,1,20,LOW
41,Ait Ali,30.1739,-9.4881,2026-09-24,30.0,18.3,24.15,0.0,0,17.5,45,20,LOW
42,Ait Melloul,30.3342,-9.4972,2026-09-18,26.0,19.3,22.65,0.0,0,17.0,3,20,LOW
43,Ait Melloul,30.3342,-9.4972,2026-09-19,25.9,20.2,23.049999999999997,0.0,0,20.9,2,20,LOW
44,Ait Melloul,30.3342,-9.4972,2026-09-20,26.6,20.0,23.3,0.0,0,18.4,45,20,LOW
45,Ait Melloul,30.3342,-9.4972,2026-09-21,33.1,21.2,27.15,0.0,0,14.6,3,20,LOW
46,Ait Melloul,30.3342,-9.4972,2026-09-22,32.0,21.1,26.55,0.0,0,17.7,0,20,LOW
47,Ait Melloul,30.3342,-9.4972,2026-09-23,35.8,20.3,28.049999999999997,0.0,0,13.6,2,30,LOW
48,Ait Melloul,30.3342,-9.4972,2026-09-24,34.3,18.4,26.349999999999998,0.0,0,13.6,45,20,LOW
49,Ait Ourir,31.5644,-7.6628,2026-09-18,30.1,16.6,23.35,0.0,0,10.9,3,20,LOW
50,Ait Ourir,31.5644,-7.6628,2026-09-19,34.5,19.5,27.0,0.6,23,11.2,80,30,LOW
51,Ait Ourir,31.5644,-7.6628,2026-09-20,35.6,22.1,28.85,0.3,45,12.9,80,40,MEDIUM
52,Ait Ourir,31.5644,-7.6628,2026-09-21,35.4,22.3,28.85,0.0,7,16.1,2,30,LOW
53,Ait Ourir,31.5644,-7.6628,2026-09-22,34.9,22.6,28.75,0.0,3,17.3,1,20,LOW
54,Ait Ourir,31.5644,-7.6628,2026-09-23,35.0,18.8,26.9,0.0,2,13.0,0,30,LOW
55,Ait Ourir,31.5644,-7.6628,2026-09-24,34.5,18.4,26.45,0.0,0,10.9,0,20,LOW
56,Al Aaroui,35.0104,-3.0073,2026-09-18,26.5,18.4,22.45,0.0,0,25.5,3,20,LOW
57,Al Aaroui,35.0104,-3.0073,2026-09-19,26.5,21.1,23.8,0.0,5,31.3,3,25,LOW
58,Al Aaroui,35.0104,-3.0073,2026-09-20,26.8,21.7,24.25,0.2,8,29.6,3,25,LOW
59,Al Aaroui,35.0104,-3.0073,2026-09-21,26.8,20.6,23.700000000000003,0.0,5,24.0,45,20,LOW
60,Al Aaroui,35.0104,-3.0073,2026-09-22,27.0,18.3,22.65,0.0,0,22.7,45,20,LOW
61,Al Aaroui,35.0104,-3.0073,2026-09-23,30.4,18.0,24.2,0.0,0,14.1,45,20,LOW
62,Al Aaroui,35.0104,-3.0073,2026-09-24,32.0,14.3,23.15,0.0,0,13.9,0,20,LOW
63,Al Fqih Ben Çalah,32.507,-6.6886,2026-09-18,34.2,16.4,25.3,0.0,0,15.0,3,20,LOW
64,Al Fqih Ben Çalah,32.507,-6.6886,2026-09-19,37.7,20.1,28.900000000000002,0.0,3,13.3,2,30,LOW
65,Al Fqih Ben Çalah,32.507,-6.6886,2026-09-20,38.3,22.2,30.25,0.6,13,19.1,80,35,MEDIUM
66,Al Fqih Ben Çalah,32.507,-6.6886,2026-09-21,37.5,21.0,29.25,0.0,6,16.5,3,30,LOW
67,Al Fqih Ben Çalah,32.507,-6.6886,2026-09-22,36.7,21.0,28.85,0.0,3,14.2,2,30,LOW
68,Al Fqih Ben Çalah,32.507,-6.6886,2026-09-23,37.6,17.8,27.700000000000003,0.0,2,8.5,0,25,LOW
69,Al Fqih Ben Çalah,32.507,-6.6886,2026-09-24,37.5,15.9,26.7,0.0,0,8.9,3,25,LOW
70,Al Hoceïma,35.2472,-3.9322,2026-09-18,26.6,18.9,22.75,0.0,0,21.3,3,20,LOW
71,Al Hoceïma,35.2472,-3.9322,2026-09-19,27.9,21.1,24.5,0.0,0,28.1,3,20,LOW
72,Al Hoceïma,35.2472,-3.9322,2026-09-20,28.0,23.5,25.75,0.0,20,25.5,3,25,LOW
73,Al Hoceïma,35.2472,-3.9322,2026-09-21,28.1,21.4,24.75,0.0,0,23.1,2,20,LOW
74,Al Hoceïma,35.2472,-3.9322,2026-09-22,28.1,17.8,22.950000000000003,0.0,0,15.3,1,20,LOW
75,Al Hoceïma,35.2472,-3.9322,2026-09-23,26.8,19.7,23.25,0.0,0,9.5,2,15,LOW
76,Al Hoceïma,35.2472,-3.9322,2026-09-24,27.1,18.1,22.6,0.0,0,7.9,1,15,LOW
77,Al Khmissat,33.81,-6.06,2026-09-18,29.8,15.4,22.6,0.0,0,17.1,3,20,LOW
78,Al Khmissat,33.81,-6.06,2026-09-19,34.9,18.5,26.7,0.0,0,14.5,2,20,LOW
79,Al Khmissat,33.81,-6.06,2026-09-20,36.1,21.2,28.65,0.0,0,15.4,2,30,LOW
80,Al Khmissat,33.81,-6.06,2026-09-21,35.9,20.8,28.35,0.0,0,14.5,0,30,LOW
81,Al Khmissat,33.81,-6.06,2026-09-22,34.2,19.6,26.900000000000002,0.0,0,14.7,0,20,LOW
82,Al Khmissat,33.81,-6.06,2026-09-23,34.5,17.7,26.1,0.0,0,15.1,0,20,LOW
83,Al Khmissat,33.81,-6.06,2026-09-24,35.2,16.3,25.75,0.0,0,17.2,3,30,LOW
84,Al ’Attawia,31.83,-7.31,2026-09-18,30.2,16.6,23.4,0.0,0,12.7,3,20,LOW
85,Al ’Attawia,31.83,-7.31,2026-09-19,34.6,19.3,26.950000000000003,0.0,5,16.6,2,20,LOW
86,Al ’Attawia,31.83,-7.31,2026-09-20,35.8,22.3,29.049999999999997,0.1,28,16.3,3,40,MEDIUM
87,Al ’Attawia,31.83,-7.31,2026-09-21,35.2,21.4,28.3,0.3,3,15.6,3,35,MEDIUM
88,Al ’Attawia,31.83,-7.31,2026-09-22,35.0,21.5,28.25,0.0,0,16.9,2,30,LOW
89,Al ’Attawia,31.83,-7.31,2026-09-23,34.9,17.8,26.35,0.0,2,14.3,0,20,LOW
90,Al ’Attawia,31.83,-7.31,2026-09-24,34.6,15.7,25.15,0.0,0,14.6,3,20,LOW
91,Arfoud,31.4361,-4.2328,2026-09-18,33.6,19.4,26.5,0.0,18,25.1,3,20,LOW
92,Arfoud,31.4361,-4.2328,2026-09-19,30.4,21.5,25.95,1.8,38,22.4,80,30,LOW
93,Arfoud,31.4361,-4.2328,2026-09-20,31.6,20.6,26.1,0.1,13,14.1,3,25,LOW
94,Arfoud,31.4361,-4.2328,2026-09-21,33.4,20.7,27.049999999999997,0.3,35,14.0,3,30,LOW
95,Arfoud,31.4361,-4.2328,2026-09-22,31.6,21.5,26.55,0.0,17,9.6,3,15,LOW
96,Arfoud,31.4361,-4.2328,2026-09-23,31.6,20.7,26.15,0.0,3,4.7,3,15,LOW
97,Arfoud,31.4361,-4.2328,2026-09-24,33.1,21.3,27.200000000000003,0.0,3,7.3,2,15,LOW
98,Asilah,35.4667,-6.0333,2026-09-18,28.5,16.3,22.4,0.0,0,26.2,2,20,LOW
99,Asilah,35.4667,-6.0333,2026-09-19,29.0,23.0,26.0,0.0,0,36.2,1,25,LOW
100,Asilah,35.4667,-6.0333,2026-09-20,30.5,24.2,27.35,0.0,0,28.0,1,20,LOW
101,Asilah,35.4667,-6.0333,2026-09-21,30.0,23.6,26.8,0.0,0,29.8,0,20,LOW
102,Asilah,35.4667,-6.0333,2026-09-22,30.2,21.9,26.049999999999997,0.0,0,17.7,0,20,LOW
103,Asilah,35.4667,-6.0333,2026-09-23,35.0,20.7,27.85,0.0,0,13.4,1,30,LOW
104,Asilah,35.4667,-6.0333,2026-09-24,34.6,21.0,27.8,0.0,0,15.9,1,20,LOW
105,Azemmour,33.2833,-8.3333,2026-09-18,24.8,17.8,21.3,0.0,0,18.9,2,5,LOW
106,Azemmour,33.2833,-8.3333,2026-09-19,26.8,19.5,23.15,0.0,0,15.8,2,20,LOW
107,Azemmour,33.2833,-8.3333,2026-09-20,28.4,19.3,23.85,0.0,0,12.4,45,20,LOW
108,Azemmour,33.2833,-8.3333,2026-09-21,28.9,20.9,24.9,0.0,0,13.8,45,20,LOW
109,Azemmour,33.2833,-8.3333,2026-09-22,27.3,20.5,23.9,0.0,0,11.8,45,20,LOW
110,Azemmour,33.2833,-8.3333,2026-09-23,27.1,19.9,23.5,0.0,0,13.2,45,20,LOW
111,Azemmour,33.2833,-8.3333,2026-09-24,27.5,19.9,23.7,0.0,0,12.5,45,20,LOW
112,Aziylal,31.96,-6.56,2026-09-18,27.1,16.0,21.55,0.0,3,15.6,3,20,LOW
113,Aziylal,31.96,-6.56,2026-09-19,29.0,18.9,23.95,0.3,18,17.8,3,25,LOW
114,Aziylal,31.96,-6.56,2026-09-20,28.9,19.7,24.299999999999997,0.4,40,18.3,3,30,LOW
115,Aziylal,31.96,-6.56,2026-09-21,28.2,18.9,23.549999999999997,0.3,23,18.7,2,30,LOW
116,Aziylal,31.96,-6.56,2026-09-22,28.1,18.0,23.05,0.0,11,20.1,2,20,LOW
117,Aziylal,31.96,-6.56,2026-09-23,29.1,16.9,23.0,0.0,0,17.1,1,20,LOW
118,Aziylal,31.96,-6.56,2026-09-24,29.5,17.1,23.3,0.0,0,19.1,3,20,LOW
119,Azrou,33.4344,-5.2213,2026-09-18,26.5,13.5,20.0,0.0,0,14.9,3,20,LOW
120,Azrou,33.4344,-5.2213,2026-09-19,28.4,18.1,23.25,0.2,33,17.4,3,30,LOW
121,Azrou,33.4344,-5.2213,2026-09-20,28.6,17.8,23.200000000000003,0.2,22,17.1,3,30,LOW
122,Azrou,33.4344,-5.2213,2026-09-21,28.1,16.6,22.35,0.0,5,18.7,3,20,LOW
123,Azrou,33.4344,-5.2213,2026-09-22,27.1,14.7,20.9,0.0,1,15.7,3,20,LOW
124,Azrou,33.4344,-5.2213,2026-09-23,28.0,17.5,22.75,0.0,0,12.7,1,20,LOW
125,Azrou,33.4344,-5.2213,2026-09-24,29.2,18.3,23.75,0.0,0,15.5,3,20,LOW
126,Aïn Harrouda,33.6372,-7.4483,2026-09-18,25.2,17.1,21.15,0.0,0,14.1,3,20,LOW
127,Aïn Harrouda,33.6372,-7.4483,2026-09-19,27.6,17.8,22.700000000000003,0.0,0,12.1,45,20,LOW
128,Aïn Harrouda,33.6372,-7.4483,2026-09-20,30.6,19.9,25.25,0.0,0,11.6,2,20,LOW
129,Aïn Harrouda,33.6372,-7.4483,2026-09-21,29.8,20.7,25.25,0.0,0,11.3,2,20,LOW
130,Aïn Harrouda,33.6372,-7.4483,2026-09-22,29.8,20.2,25.0,0.0,0,11.3,45,20,LOW
131,Aïn Harrouda,33.6372,-7.4483,2026-09-23,28.0,19.4,23.7,0.0,0,12.9,45,20,LOW
132,Aïn Harrouda,33.6372,-7.4483,2026-09-24,29.0,18.8,23.9,0.0,0,12.8,45,20,LOW
133,Aïn Taoujdat,33.9333,-5.2167,2026-09-18,30.2,16.4,23.299999999999997,0.0,0,14.8,3,20,LOW
134,Aïn Taoujdat,33.9333,-5.2167,2026-09-19,33.6,18.7,26.15,0.0,3,19.2,2,20,LOW
135,Aïn Taoujdat,33.9333,-5.2167,2026-09-20,34.9,20.2,27.549999999999997,0.0,0,14.7,1,20,LOW
136,Aïn Taoujdat,33.9333,-5.2167,2026-09-21,33.9,19.8,26.85,0.0,3,13.0,3,20,LOW
137,Aïn Taoujdat,33.9333,-5.2167,2026-09-22,32.8,18.9,25.849999999999998,0.0,0,11.3,3,20,LOW
138,Aïn Taoujdat,33.9333,-5.2167,2026-09-23,34.2,19.8,27.0,0.0,0,12.2,0,20,LOW
139,Aïn Taoujdat,33.9333,-5.2167,2026-09-24,35.1,19.5,27.3,0.0,0,16.3,3,30,LOW
140,Barrechid,33.27,-7.5872,2026-09-18,29.1,15.8,22.450000000000003,0.0,0,19.8,3,20,LOW
141,Barrechid,33.27,-7.5872,2026-09-19,33.1,17.2,25.15,0.0,0,17.6,3,20,LOW
142,Barrechid,33.27,-7.5872,2026-09-20,36.2,18.9,27.55,0.0,0,19.9,2,30,LOW
143,Barrechid,33.27,-7.5872,2026-09-21,35.4,20.2,27.799999999999997,0.0,0,18.4,2,30,LOW
144,Barrechid,33.27,-7.5872,2026-09-22,35.3,19.2,27.25,0.0,0,17.3,1,30,LOW
145,Barrechid,33.27,-7.5872,2026-09-23,33.2,17.6,25.400000000000002,0.0,0,19.3,45,20,LOW
146,Barrechid,33.27,-7.5872,2026-09-24,32.4,18.7,25.549999999999997,0.0,0,17.0,45,20,LOW
147,Ben Guerir,32.23,-7.95,2026-09-18,30.4,16.2,23.299999999999997,0.0,0,14.8,3,20,LOW
148,Ben Guerir,32.23,-7.95,2026-09-19,34.4,20.1,27.25,0.0,0,15.0,2,20,LOW
149,Ben Guerir,32.23,-7.95,2026-09-20,36.0,23.6,29.8,0.0,10,16.9,2,30,LOW
150,Ben Guerir,32.23,-7.95,2026-09-21,37.0,23.3,30.15,0.0,3,20.3,3,30,LOW
151,Ben Guerir,32.23,-7.95,2026-09-22,35.9,21.1,28.5,0.0,0,13.5,0,30,LOW
152,Ben Guerir,32.23,-7.95,2026-09-23,35.8,19.8,27.799999999999997,0.0,0,20.0,0,30,LOW
153,Ben Guerir,32.23,-7.95,2026-09-24,34.6,19.1,26.85,0.0,0,16.5,3,20,LOW
154,Beni Yakhlef,33.6555,-7.3221,2026-09-18,26.0,15.5,20.75,0.0,0,19.8,3,20,LOW
155,Beni Yakhlef,33.6555,-7.3221,2026-09-19,28.8,16.7,22.75,0.0,0,16.6,2,20,LOW
156,Beni Yakhlef,33.6555,-7.3221,2026-09-20,32.3,19.1,25.7,0.0,0,16.3,1,20,LOW
157,Beni Yakhlef,33.6555,-7.3221,2026-09-21,31.5,20.2,25.85,0.0,0,16.5,1,20,LOW
158,Beni Yakhlef,33.6555,-7.3221,2026-09-22,31.7,19.2,25.45,0.0,0,16.0,0,20,LOW
159,Beni Yakhlef,33.6555,-7.3221,2026-09-23,29.9,18.8,24.35,0.0,0,16.7,45,20,LOW
160,Beni Yakhlef,33.6555,-7.3221,2026-09-24,30.4,17.9,24.15,0.0,0,16.4,45,20,LOW
161,Berkane,34.9167,-2.3167,2026-09-18,26.1,18.4,22.25,0.0,0,18.2,3,20,LOW
162,Berkane,34.9167,-2.3167,2026-09-19,26.4,19.8,23.1,1.4,13,19.5,80,25,LOW
163,Berkane,34.9167,-2.3167,2026-09-20,27.1,21.1,24.1,0.0,13,17.9,45,20,LOW
164,Berkane,34.9167,-2.3167,2026-09-21,26.4,19.3,22.85,0.0,13,18.9,45,20,LOW
165,Berkane,34.9167,-2.3167,2026-09-22,27.1,17.5,22.3,0.0,1,15.1,1,20,LOW
166,Berkane,34.9167,-2.3167,2026-09-23,28.1,18.8,23.450000000000003,0.0,0,11.8,1,20,LOW
167,Berkane,34.9167,-2.3167,2026-09-24,29.6,17.6,23.6,0.0,0,10.6,0,20,LOW
168,Biougra,30.2144,-9.3708,2026-09-18,27.3,19.1,23.200000000000003,0.0,0,23.8,2,20,LOW
169,Biougra,30.2144,-9.3708,2026-09-19,27.6,19.5,23.55,0.0,0,22.9,2,20,LOW
170,Biougra,30.2144,-9.3708,2026-09-20,28.9,19.9,24.4,0.0,0,18.7,2,20,LOW
171,Biougra,30.2144,-9.3708,2026-09-21,37.3,21.9,29.599999999999998,0.0,0,19.6,3,30,LOW
172,Biougra,30.2144,-9.3708,2026-09-22,37.5,22.6,30.05,0.0,0,20.6,0,30,LOW
173,Biougra,30.2144,-9.3708,2026-09-23,32.6,19.6,26.1,0.0,0,22.1,0,20,LOW
174,Biougra,30.2144,-9.3708,2026-09-24,30.3,16.8,23.55,0.0,0,23.4,45,20,LOW
175,Bir Jdid,33.3737,-8.0002,2026-09-18,24.8,17.5,21.15,0.0,0,18.6,3,5,LOW
176,Bir Jdid,33.3737,-8.0002,2026-09-19,27.4,18.7,23.049999999999997,0.0,0,16.6,45,20,LOW
177,Bir Jdid,33.3737,-8.0002,2026-09-20,30.8,19.8,25.3,0.0,0,14.8,2,20,LOW
178,Bir Jdid,33.3737,-8.0002,2026-09-21,30.0,20.3,25.15,0.0,0,17.0,45,20,LOW
179,Bir Jdid,33.3737,-8.0002,2026-09-22,29.3,19.5,24.4,0.0,0,13.8,45,20,LOW
180,Bir Jdid,33.3737,-8.0002,2026-09-23,28.9,19.0,23.95,0.0,0,16.0,45,20,LOW
181,Bir Jdid,33.3737,-8.0002,2026-09-24,28.5,18.7,23.6,0.0,0,15.1,45,20,LOW
182,Bou Arfa,32.531,-1.9631,2026-09-18,29.4,17.9,23.65,0.1,20,18.4,3,30,LOW
183,Bou Arfa,32.531,-1.9631,2026-09-19,23.3,18.0,20.65,5.3,63,24.2,95,35,MEDIUM
184,Bou Arfa,32.531,-1.9631,2026-09-20,27.8,15.7,21.75,1.8,30,16.3,80,30,LOW
185,Bou Arfa,32.531,-1.9631,2026-09-21,26.0,16.6,21.3,0.0,13,14.5,2,20,LOW
186,Bou Arfa,32.531,-1.9631,2026-09-22,26.6,15.4,21.0,0.0,5,15.5,3,20,LOW
187,Bou Arfa,32.531,-1.9631,2026-09-23,28.1,16.5,22.3,0.0,3,10.7,3,20,LOW
188,Bou Arfa,32.531,-1.9631,2026-09-24,29.3,15.3,22.3,0.0,0,8.6,1,15,LOW
189,Boujad,32.7741,-6.3925,2026-09-18,32.4,16.3,24.35,0.0,0,19.6,3,20,LOW
190,Boujad,32.7741,-6.3925,2026-09-19,35.4,20.8,28.1,0.0,5,24.9,3,30,LOW
191,Boujad,32.7741,-6.3925,2026-09-20,35.7,21.7,28.700000000000003,0.0,10,21.3,3,30,LOW
192,Boujad,32.7741,-6.3925,2026-09-21,34.6,20.7,27.65,0.0,6,15.5,3,20,LOW
193,Boujad,32.7741,-6.3925,2026-09-22,34.2,20.7,27.450000000000003,0.0,3,14.3,3,20,LOW
194,Boujad,32.7741,-6.3925,2026-09-23,34.6,19.3,26.950000000000003,0.0,0,13.7,1,20,LOW
195,Boujad,32.7741,-6.3925,2026-09-24,34.9,19.1,27.0,0.0,0,11.8,3,20,LOW
196,Bouknadel,34.1766,-6.6893,2026-09-18,25.1,16.6,20.85,0.0,0,18.5,45,20,LOW
197,Bouknadel,34.1766,-6.6893,2026-09-19,30.2,18.3,24.25,0.0,0,20.9,1,20,LOW
198,Bouknadel,34.1766,-6.6893,2026-09-20,29.1,20.5,24.8,0.0,0,13.4,1,20,LOW
199,Bouknadel,34.1766,-6.6893,2026-09-21,31.1,20.4,25.75,0.0,0,14.3,1,20,LOW
200,Bouknadel,34.1766,-6.6893,2026-09-22,27.8,19.7,23.75,0.0,0,12.6,0,20,LOW
201,Bouknadel,34.1766,-6.6893,2026-09-23,30.0,19.1,24.55,0.0,0,12.4,0,20,LOW
202,Bouknadel,34.1766,-6.6893,2026-09-24,28.8,18.2,23.5,0.0,0,12.2,45,20,LOW
203,Bouskoura,33.4489,-7.6486,2026-09-18,26.5,17.1,21.8,0.0,0,15.8,3,20,LOW
204,Bouskoura,33.4489,-7.6486,2026-09-19,29.8,18.5,24.15,0.0,0,14.6,45,20,LOW
205,Bouskoura,33.4489,-7.6486,2026-09-20,33.6,20.0,26.8,0.0,0,14.8,2,20,LOW
206,Bouskoura,33.4489,-7.6486,2026-09-21,33.0,21.2,27.1,0.0,0,14.7,1,20,LOW
207,Bouskoura,33.4489,-7.6486,2026-09-22,32.5,20.2,26.35,0.0,0,13.4,45,20,LOW
208,Bouskoura,33.4489,-7.6486,2026-09-23,28.5,18.5,23.5,0.0,0,12.1,45,20,LOW
209,Bouskoura,33.4489,-7.6486,2026-09-24,28.5,18.9,23.7,0.0,0,11.6,45,20,LOW
210,Béni Mellal,32.3394,-6.3608,2026-09-18,31.6,18.6,25.1,0.0,0,8.6,3,15,LOW
211,Béni Mellal,32.3394,-6.3608,2026-09-19,35.2,22.7,28.950000000000003,0.0,5,14.1,3,30,LOW
212,Béni Mellal,32.3394,-6.3608,2026-09-20,35.7,24.4,30.05,0.2,10,18.7,3,35,MEDIUM
213,Béni Mellal,32.3394,-6.3608,2026-09-21,35.3,24.2,29.75,0.0,3,18.7,3,30,LOW
214,Béni Mellal,32.3394,-6.3608,2026-09-22,34.2,24.0,29.1,0.0,0,17.6,3,20,LOW
215,Béni Mellal,32.3394,-6.3608,2026-09-23,36.0,23.3,29.65,0.0,0,16.7,0,30,LOW
216,Béni Mellal,32.3394,-6.3608,2026-09-24,36.3,25.3,30.799999999999997,0.0,0,16.6,3,30,LOW
217,Cabo Bojador,26.1269,-14.4992,2026-09-18,24.7,19.8,22.25,0.0,0,24.1,3,5,LOW
218,Cabo Bojador,26.1269,-14.4992,2026-09-19,24.7,18.5,21.6,0.0,0,22.7,2,5,LOW
219,Cabo Bojador,26.1269,-14.4992,2026-09-20,26.7,18.8,22.75,0.0,0,27.3,1,20,LOW
220,Cabo Bojador,26.1269,-14.4992,2026-09-21,26.1,19.8,22.950000000000003,0.0,1,26.9,1,20,LOW
221,Cabo Bojador,26.1269,-14.4992,2026-09-22,26.8,20.4,23.6,0.0,2,26.9,0,20,LOW
222,Cabo Bojador,26.1269,-14.4992,2026-09-23,27.7,20.4,24.049999999999997,0.0,5,26.4,0,20,LOW
223,Cabo Bojador,26.1269,-14.4992,2026-09-24,33.7,21.7,27.700000000000003,0.0,4,27.2,3,20,LOW
224,Casablanca,33.5992,-7.62,2026-09-18,24.6,18.7,21.65,0.0,0,13.3,3,5,LOW
225,Casablanca,33.5992,-7.62,2026-09-19,26.7,19.5,23.1,0.0,0,11.5,45,20,LOW
226,Casablanca,33.5992,-7.62,2026-09-20,29.7,20.5,25.1,0.0,0,10.5,2,20,LOW
227,Casablanca,33.5992,-7.62,2026-09-21,29.2,21.2,25.2,0.0,0,10.2,45,20,LOW
228,Casablanca,33.5992,-7.62,2026-09-22,28.7,20.8,24.75,0.0,0,10.0,45,40,MEDIUM
229,Casablanca,33.5992,-7.62,2026-09-23,29.3,19.6,24.450000000000003,0.0,0,12.1,45,20,LOW
230,Casablanca,33.5992,-7.62,2026-09-24,29.3,19.7,24.5,0.0,0,11.6,45,20,LOW
231,Chichaoua,31.5333,-8.7667,2026-09-18,31.2,17.4,24.299999999999997,0.0,0,15.7,2,20,LOW
232,Chichaoua,31.5333,-8.7667,2026-09-19,34.7,19.9,27.3,0.0,0,20.2,2,20,LOW
233,Chichaoua,31.5333,-8.7667,2026-09-20,35.6,22.0,28.8,0.0,5,25.5,2,30,LOW
234,Chichaoua,31.5333,-8.7667,2026-09-21,37.6,22.2,29.9,0.0,3,25.2,2,30,LOW
235,Chichaoua,31.5333,-8.7667,2026-09-22,37.1,19.6,28.35,0.0,0,22.8,0,30,LOW
236,Chichaoua,31.5333,-8.7667,2026-09-23,34.7,18.6,26.650000000000002,0.0,0,17.4,0,20,LOW
237,Chichaoua,31.5333,-8.7667,2026-09-24,34.0,20.2,27.1,0.0,3,18.1,0,20,LOW
238,Demnat,31.7311,-7.0361,2026-09-18,27.9,14.3,21.1,0.0,0,11.5,3,20,LOW
239,Demnat,31.7311,-7.0361,2026-09-19,31.6,18.0,24.8,0.0,13,18.3,3,20,LOW
240,Demnat,31.7311,-7.0361,2026-09-20,32.5,21.6,27.05,0.3,35,17.3,3,30,LOW
241,Demnat,31.7311,-7.0361,2026-09-21,32.0,20.6,26.3,0.3,3,19.6,80,25,LOW
242,Demnat,31.7311,-7.0361,2026-09-22,31.8,20.8,26.3,0.0,0,18.2,2,20,LOW
243,Demnat,31.7311,-7.0361,2026-09-23,32.3,17.1,24.7,0.0,3,16.8,0,20,LOW
244,Demnat,31.7311,-7.0361,2026-09-24,32.2,15.4,23.8,0.0,3,16.3,1,20,LOW
245,Douar Toulal,33.8951,-5.6021,2026-09-18,30.0,15.8,22.9,0.0,0,14.8,3,20,LOW
246,Douar Toulal,33.8951,-5.6021,2026-09-19,34.7,19.0,26.85,0.0,3,13.5,2,20,LOW
247,Douar Toulal,33.8951,-5.6021,2026-09-20,35.7,21.9,28.8,0.0,0,13.7,1,30,LOW
248,Douar Toulal,33.8951,-5.6021,2026-09-21,35.1,20.4,27.75,0.0,0,14.0,1,30,LOW
249,Douar Toulal,33.8951,-5.6021,2026-09-22,33.5,19.2,26.35,0.0,0,13.6,1,20,LOW
250,Douar Toulal,33.8951,-5.6021,2026-09-23,34.1,19.0,26.55,0.0,0,13.7,0,20,LOW
251,Douar Toulal,33.8951,-5.6021,2026-09-24,34.6,19.1,26.85,0.0,0,17.1,3,20,LOW
252,El Aïoun,34.5726,-2.5127,2026-09-18,29.0,15.7,22.35,0.0,0,22.2,45,20,LOW
253,El Aïoun,34.5726,-2.5127,2026-09-19,28.4,19.4,23.9,1.9,48,36.6,80,35,MEDIUM
254,El Aïoun,34.5726,-2.5127,2026-09-20,30.9,18.8,24.85,0.0,8,21.3,45,20,LOW
255,El Aïoun,34.5726,-2.5127,2026-09-21,27.4,19.2,23.299999999999997,0.0,8,18.2,3,20,LOW
256,El Aïoun,34.5726,-2.5127,2026-09-22,30.3,15.5,22.9,0.0,1,16.5,45,20,LOW
257,El Aïoun,34.5726,-2.5127,2026-09-23,30.8,17.5,24.15,0.0,0,15.6,1,20,LOW
258,El Aïoun,34.5726,-2.5127,2026-09-24,32.6,15.2,23.9,0.0,0,15.3,0,20,LOW
259,El Hajeb,33.6928,-5.3711,2026-09-18,27.5,14.9,21.2,0.0,0,17.3,3,20,LOW
260,El Hajeb,33.6928,-5.3711,2026-09-19,31.0,17.6,24.3,0.1,8,18.8,2,25,LOW
261,El Hajeb,33.6928,-5.3711,2026-09-20,31.9,20.6,26.25,0.0,0,19.1,2,20,LOW
262,El Hajeb,33.6928,-5.3711,2026-09-21,31.6,20.2,25.9,0.0,0,20.5,3,20,LOW
263,El Hajeb,33.6928,-5.3711,2026-09-22,30.6,19.0,24.8,0.0,3,19.4,3,20,LOW
264,El Hajeb,33.6928,-5.3711,2026-09-23,31.1,19.3,25.200000000000003,0.0,0,14.7,0,20,LOW
265,El Hajeb,33.6928,-5.3711,2026-09-24,31.9,18.8,25.35,0.0,0,17.7,3,20,LOW
266,El Jadid,33.2566,-8.5025,2026-09-18,23.8,19.3,21.55,0.0,0,19.2,2,5,LOW
267,El Jadid,33.2566,-8.5025,2026-09-19,25.4,20.5,22.95,0.0,0,15.1,2,20,LOW
268,El Jadid,33.2566,-8.5025,2026-09-20,27.2,20.3,23.75,0.0,0,12.0,2,20,LOW
269,El Jadid,33.2566,-8.5025,2026-09-21,26.7,21.3,24.0,0.0,0,13.4,45,20,LOW
270,El Jadid,33.2566,-8.5025,2026-09-22,26.4,20.8,23.6,0.0,0,11.8,45,20,LOW
271,El Jadid,33.2566,-8.5025,2026-09-23,27.1,19.9,23.5,0.0,0,13.2,45,20,LOW
272,El Jadid,33.2566,-8.5025,2026-09-24,27.4,19.9,23.65,0.0,0,12.5,45,20,LOW
273,El Kelaa des Srarhna,32.05,-7.4,2026-09-18,31.5,17.7,24.6,0.0,0,13.7,3,20,LOW
274,El Kelaa des Srarhna,32.05,-7.4,2026-09-19,35.5,20.9,28.2,0.0,5,14.5,2,30,LOW
275,El Kelaa des Srarhna,32.05,-7.4,2026-09-20,37.3,23.1,30.2,0.2,20,20.2,3,40,MEDIUM
276,El Kelaa des Srarhna,32.05,-7.4,2026-09-21,36.8,22.4,29.599999999999998,0.0,4,14.5,2,30,LOW
277,El Kelaa des Srarhna,32.05,-7.4,2026-09-22,36.3,22.3,29.299999999999997,0.0,0,15.8,2,30,LOW
278,El Kelaa des Srarhna,32.05,-7.4,2026-09-23,35.8,19.6,27.7,0.0,0,13.4,0,30,LOW
279,El Kelaa des Srarhna,32.05,-7.4,2026-09-24,35.4,17.9,26.65,0.0,3,15.4,3,30,LOW
280,Errachidia,31.9319,-4.4244,2026-09-18,31.6,18.7,25.15,1.5,25,26.1,61,30,LOW
281,Errachidia,31.9319,-4.4244,2026-09-19,27.9,19.3,23.6,1.5,43,13.8,80,30,LOW
282,Errachidia,31.9319,-4.4244,2026-09-20,29.6,18.7,24.15,0.0,20,10.3,3,25,LOW
283,Errachidia,31.9319,-4.4244,2026-09-21,31.3,19.4,25.35,0.3,40,9.6,3,25,LOW
284,Errachidia,31.9319,-4.4244,2026-09-22,29.4,19.9,24.65,0.0,15,10.3,3,20,LOW
285,Errachidia,31.9319,-4.4244,2026-09-23,30.0,19.3,24.65,0.0,7,10.7,2,20,LOW
286,Errachidia,31.9319,-4.4244,2026-09-24,31.2,19.4,25.299999999999997,0.0,7,13.3,2,20,LOW
287,Essaouira,31.513,-9.7687,2026-09-18,23.6,18.7,21.15,0.0,0,30.9,0,10,LOW
288,Essaouira,31.513,-9.7687,2026-09-19,24.3,18.9,21.6,0.0,0,20.9,2,5,LOW
289,Essaouira,31.513,-9.7687,2026-09-20,24.9,19.3,22.1,0.0,0,11.4,45,5,LOW
290,Essaouira,31.513,-9.7687,2026-09-21,25.2,19.1,22.15,0.0,0,8.7,45,15,LOW
291,Essaouira,31.513,-9.7687,2026-09-22,23.3,17.8,20.55,0.0,0,10.7,45,5,LOW
292,Essaouira,31.513,-9.7687,2026-09-23,27.4,17.6,22.5,0.0,0,10.7,45,20,LOW
293,Essaouira,31.513,-9.7687,2026-09-24,27.2,17.8,22.5,0.0,0,10.9,45,20,LOW
294,Fnidq,35.8414,-5.3587,2026-09-18,24.1,19.0,21.55,0.5,13,17.3,80,10,LOW
295,Fnidq,35.8414,-5.3587,2026-09-19,24.5,21.4,22.95,0.5,43,26.9,3,15,LOW
296,Fnidq,35.8414,-5.3587,2026-09-20,24.5,21.9,23.2,1.6,50,22.9,80,25,LOW
297,Fnidq,35.8414,-5.3587,2026-09-21,25.0,21.6,23.3,0.1,8,19.2,2,35,MEDIUM
298,Fnidq,35.8414,-5.3587,2026-09-22,25.0,20.8,22.9,0.0,0,17.8,2,30,LOW
299,Fnidq,35.8414,-5.3587,2026-09-23,25.0,20.4,22.7,0.0,0,13.8,45,30,LOW
300,Fnidq,35.8414,-5.3587,2026-09-24,25.3,19.9,22.6,0.0,0,11.7,45,20,LOW
301,Fès,34.0433,-5.0033,2026-09-18,31.5,17.4,24.45,0.0,0,9.8,3,15,LOW
302,Fès,34.0433,-5.0033,2026-09-19,34.0,21.2,27.6,0.0,3,20.1,2,20,LOW
303,Fès,34.0433,-5.0033,2026-09-20,35.1,22.3,28.700000000000003,0.0,0,13.6,1,30,LOW
304,Fès,34.0433,-5.0033,2026-09-21,34.1,22.1,28.1,0.0,0,12.8,2,20,LOW
305,Fès,34.0433,-5.0033,2026-09-22,33.5,20.9,27.2,0.0,0,9.8,2,15,LOW
306,Fès,34.0433,-5.0033,2026-09-23,35.0,20.3,27.65,0.0,0,7.5,0,25,LOW
307,Fès,34.0433,-5.0033,2026-09-24,35.8,21.5,28.65,0.0,0,11.5,0,30,LOW
308,Guelmim,28.9833,-10.0667,2026-09-18,27.3,16.8,22.05,0.0,0,23.7,1,20,LOW
309,Guelmim,28.9833,-10.0667,2026-09-19,29.2,17.7,23.45,0.0,0,20.9,3,20,LOW
310,Guelmim,28.9833,-10.0667,2026-09-20,36.2,18.0,27.1,0.0,0,20.8,0,30,LOW
311,Guelmim,28.9833,-10.0667,2026-09-21,39.7,23.0,31.35,0.0,0,23.3,0,30,LOW
312,Guelmim,28.9833,-10.0667,2026-09-22,38.6,22.5,30.55,0.0,0,22.4,1,30,LOW
313,Guelmim,28.9833,-10.0667,2026-09-23,38.9,24.3,31.6,0.0,2,21.4,2,30,LOW
314,Guelmim,28.9833,-10.0667,2026-09-24,38.3,24.3,31.299999999999997,0.0,4,23.6,2,30,LOW
315,Guercif,34.23,-3.36,2026-09-18,30.0,18.3,24.15,0.0,0,29.1,3,20,LOW
316,Guercif,34.23,-3.36,2026-09-19,30.4,21.0,25.7,0.0,15,26.3,3,20,LOW
317,Guercif,34.23,-3.36,2026-09-20,31.7,21.5,26.6,0.0,0,30.8,3,25,LOW
318,Guercif,34.23,-3.36,2026-09-21,29.4,20.6,25.0,0.0,3,27.3,3,20,LOW
319,Guercif,34.23,-3.36,2026-09-22,31.3,17.7,24.5,0.0,0,23.8,1,20,LOW
320,Guercif,34.23,-3.36,2026-09-23,32.9,18.2,25.549999999999997,0.0,0,25.7,2,20,LOW
321,Guercif,34.23,-3.36,2026-09-24,34.6,18.2,26.4,0.0,0,20.7,0,20,LOW
322,Imi-n-Tanout,31.177,-8.8504,2026-09-18,26.9,16.0,21.45,0.0,0,15.5,2,20,LOW
323,Imi-n-Tanout,31.177,-8.8504,2026-09-19,31.2,20.1,25.65,0.0,3,16.7,2,20,LOW
324,Imi-n-Tanout,31.177,-8.8504,2026-09-20,32.2,23.0,27.6,0.5,40,19.7,80,30,LOW
325,Imi-n-Tanout,31.177,-8.8504,2026-09-21,34.2,23.0,28.6,0.0,5,22.0,3,20,LOW
326,Imi-n-Tanout,31.177,-8.8504,2026-09-22,33.4,23.4,28.4,0.0,5,22.9,1,20,LOW
327,Imi-n-Tanout,31.177,-8.8504,2026-09-23,32.1,22.3,27.200000000000003,0.0,1,17.3,0,20,LOW
328,Imi-n-Tanout,31.177,-8.8504,2026-09-24,31.7,19.6,25.65,0.0,3,17.4,1,20,LOW
329,Imzouren,35.1464,-3.8506,2026-09-18,27.1,18.4,22.75,0.0,0,18.0,3,20,LOW
330,Imzouren,35.1464,-3.8506,2026-09-19,29.0,20.5,24.75,0.0,0,25.2,3,20,LOW
331,Imzouren,35.1464,-3.8506,2026-09-20,28.7,22.3,25.5,0.0,0,21.8,3,20,LOW
332,Imzouren,35.1464,-3.8506,2026-09-21,29.0,20.3,24.65,0.0,0,20.9,3,20,LOW
333,Imzouren,35.1464,-3.8506,2026-09-22,28.4,17.8,23.1,0.0,0,14.1,1,20,LOW
334,Imzouren,35.1464,-3.8506,2026-09-23,29.6,19.5,24.55,0.0,0,11.9,2,20,LOW
335,Imzouren,35.1464,-3.8506,2026-09-24,30.6,18.7,24.65,0.0,0,11.2,0,20,LOW
336,Inezgane,30.3658,-9.5381,2026-09-18,24.5,19.0,21.75,0.0,0,11.7,2,5,LOW
337,Inezgane,30.3658,-9.5381,2026-09-19,24.7,19.9,22.299999999999997,0.0,0,15.9,45,5,LOW
338,Inezgane,30.3658,-9.5381,2026-09-20,25.6,19.6,22.6,0.0,0,13.7,45,20,LOW
339,Inezgane,30.3658,-9.5381,2026-09-21,30.4,20.3,25.35,0.0,0,10.5,3,20,LOW
340,Inezgane,30.3658,-9.5381,2026-09-22,30.2,20.9,25.549999999999997,0.0,0,11.7,45,20,LOW
341,Inezgane,30.3658,-9.5381,2026-09-23,35.9,20.2,28.049999999999997,0.0,0,13.6,45,30,LOW
342,Inezgane,30.3658,-9.5381,2026-09-24,34.3,18.5,26.4,0.0,0,13.6,45,20,LOW
343,Jerada,34.31,-2.16,2026-09-18,27.7,15.3,21.5,0.0,3,24.1,3,20,LOW
344,Jerada,34.31,-2.16,2026-09-19,26.4,16.9,21.65,4.3,80,22.7,80,60,MEDIUM
345,Jerada,34.31,-2.16,2026-09-20,27.6,16.3,21.950000000000003,0.0,15,24.2,3,20,LOW
346,Jerada,34.31,-2.16,2026-09-21,25.4,17.1,21.25,0.0,10,17.9,45,20,LOW
347,Jerada,34.31,-2.16,2026-09-22,27.6,15.9,21.75,0.0,3,19.9,3,20,LOW
348,Jerada,34.31,-2.16,2026-09-23,29.1,17.2,23.15,0.0,0,20.9,2,20,LOW
349,Jerada,34.31,-2.16,2026-09-24,30.4,15.7,23.049999999999997,0.0,0,21.9,0,20,LOW
350,Kenitra,34.25,-6.5833,2026-09-18,27.4,15.6,21.5,0.0,0,14.8,45,20,LOW
351,Kenitra,34.25,-6.5833,2026-09-19,33.8,17.6,25.7,0.0,0,16.0,2,20,LOW
352,Kenitra,34.25,-6.5833,2026-09-20,34.3,20.3,27.299999999999997,0.0,0,13.7,1,20,LOW
353,Kenitra,34.25,-6.5833,2026-09-21,34.2,20.2,27.200000000000003,0.0,0,14.0,0,20,LOW
354,Kenitra,34.25,-6.5833,2026-09-22,31.9,19.0,25.45,0.0,0,12.3,0,20,LOW
355,Kenitra,34.25,-6.5833,2026-09-23,30.1,19.0,24.55,0.0,0,12.4,0,20,LOW
356,Kenitra,34.25,-6.5833,2026-09-24,28.8,18.2,23.5,0.0,0,12.2,45,20,LOW
357,Khénifra,32.93,-5.66,2026-09-18,32.2,14.8,23.5,0.0,0,19.0,3,20,LOW
358,Khénifra,32.93,-5.66,2026-09-19,34.2,19.9,27.05,0.0,8,23.4,3,20,LOW
359,Khénifra,32.93,-5.66,2026-09-20,33.8,20.2,27.0,0.0,3,19.3,3,20,LOW
360,Khénifra,32.93,-5.66,2026-09-21,34.4,18.7,26.549999999999997,0.0,5,19.8,3,20,LOW
361,Khénifra,32.93,-5.66,2026-09-22,32.5,17.3,24.9,0.0,3,14.1,3,20,LOW
362,Khénifra,32.93,-5.66,2026-09-23,33.8,17.6,25.7,0.0,0,10.1,2,20,LOW
363,Khénifra,32.93,-5.66,2026-09-24,34.4,18.6,26.5,0.0,0,14.4,1,20,LOW
364,Kouribga,32.88,-6.9,2026-09-18,29.8,15.0,22.4,0.0,0,20.0,3,20,LOW
365,Kouribga,32.88,-6.9,2026-09-19,34.2,19.1,26.650000000000002,0.0,0,20.7,2,20,LOW
366,Kouribga,32.88,-6.9,2026-09-20,34.4,21.5,27.95,0.4,5,21.4,80,25,LOW
367,Kouribga,32.88,-6.9,2026-09-21,33.4,21.2,27.299999999999997,0.6,8,17.5,2,25,LOW
368,Kouribga,32.88,-6.9,2026-09-22,33.7,21.1,27.400000000000002,0.0,1,17.1,2,20,LOW
369,Kouribga,32.88,-6.9,2026-09-23,34.0,17.7,25.85,0.0,0,18.4,1,20,LOW
370,Kouribga,32.88,-6.9,2026-09-24,34.0,17.6,25.8,0.0,0,15.6,3,20,LOW
371,Ksar El Kebir,35.0,-5.9,2026-09-18,30.5,15.7,23.1,0.0,0,16.8,45,20,LOW
372,Ksar El Kebir,35.0,-5.9,2026-09-19,35.8,18.4,27.099999999999998,0.0,0,12.0,1,30,LOW
373,Ksar El Kebir,35.0,-5.9,2026-09-20,36.8,22.5,29.65,0.0,0,13.8,1,30,LOW
374,Ksar El Kebir,35.0,-5.9,2026-09-21,35.7,22.8,29.25,0.0,0,13.4,1,30,LOW
375,Ksar El Kebir,35.0,-5.9,2026-09-22,35.1,19.7,27.4,0.0,0,12.9,0,30,LOW
376,Ksar El Kebir,35.0,-5.9,2026-09-23,35.3,19.3,27.299999999999997,0.0,0,15.9,0,30,LOW
377,Ksar El Kebir,35.0,-5.9,2026-09-24,35.4,20.1,27.75,0.0,0,19.5,1,30,LOW
378,Larache,35.1833,-6.15,2026-09-18,27.6,14.4,21.0,0.0,0,15.8,45,20,LOW
379,Larache,35.1833,-6.15,2026-09-19,35.3,18.8,27.049999999999997,0.0,0,21.1,1,30,LOW
380,Larache,35.1833,-6.15,2026-09-20,34.5,23.0,28.75,0.0,0,15.6,1,20,LOW
381,Larache,35.1833,-6.15,2026-09-21,33.0,22.5,27.75,0.0,0,15.0,1,20,LOW
382,Larache,35.1833,-6.15,2026-09-22,31.8,18.8,25.3,0.0,0,17.5,0,20,LOW
383,Larache,35.1833,-6.15,2026-09-23,31.9,18.1,25.0,0.0,0,15.8,1,20,LOW
384,Larache,35.1833,-6.15,2026-09-24,30.7,16.3,23.5,0.0,0,14.3,3,20,LOW
385,Laâyoune,27.15,-13.2,2026-09-18,27.6,19.3,23.450000000000003,0.2,0,28.3,51,25,LOW
386,Laâyoune,27.15,-13.2,2026-09-19,28.7,18.1,23.4,0.0,0,22.7,3,20,LOW
387,Laâyoune,27.15,-13.2,2026-09-20,32.6,18.3,25.450000000000003,0.0,0,20.7,1,20,LOW
388,Laâyoune,27.15,-13.2,2026-09-21,36.7,20.2,28.450000000000003,0.0,0,24.3,0,30,LOW
389,Laâyoune,27.15,-13.2,2026-09-22,36.0,20.9,28.45,0.0,0,24.5,0,30,LOW
390,Laâyoune,27.15,-13.2,2026-09-23,38.2,20.9,29.55,0.0,2,19.4,1,30,LOW
391,Laâyoune,27.15,-13.2,2026-09-24,39.6,23.0,31.3,0.0,2,26.0,3,30,LOW
392,Lqoliaa,30.2942,-9.4544,2026-09-18,26.7,18.9,22.799999999999997,0.0,0,18.1,2,20,LOW
393,Lqoliaa,30.2942,-9.4544,2026-09-19,26.8,19.8,23.3,0.0,0,21.4,3,20,LOW
394,Lqoliaa,30.2942,-9.4544,2026-09-20,27.5,19.6,23.55,0.0,0,19.5,45,20,LOW
395,Lqoliaa,30.2942,-9.4544,2026-09-21,36.5,20.9,28.7,0.0,0,16.8,3,30,LOW
396,Lqoliaa,30.2942,-9.4544,2026-09-22,35.3,20.9,28.099999999999998,0.0,0,18.9,0,30,LOW
397,Lqoliaa,30.2942,-9.4544,2026-09-23,30.6,19.5,25.05,0.0,0,15.7,2,20,LOW
398,Lqoliaa,30.2942,-9.4544,2026-09-24,28.7,17.6,23.15,0.0,0,17.1,45,20,LOW
399,Marrakech,31.6295,-7.9811,2026-09-18,32.1,17.9,25.0,0.0,0,7.2,2,15,LOW
400,Marrakech,31.6295,-7.9811,2026-09-19,35.9,21.0,28.45,0.1,10,8.9,2,30,LOW
401,Marrakech,31.6295,-7.9811,2026-09-20,37.6,22.7,30.15,0.2,45,10.4,3,40,MEDIUM
402,Marrakech,31.6295,-7.9811,2026-09-21,37.3,22.4,29.849999999999998,0.0,8,12.7,2,30,LOW
403,Marrakech,31.6295,-7.9811,2026-09-22,36.6,20.8,28.700000000000003,0.0,1,15.8,0,30,LOW
404,Marrakech,31.6295,-7.9811,2026-09-23,36.3,19.1,27.7,0.0,0,14.6,0,30,LOW
405,Marrakech,31.6295,-7.9811,2026-09-24,35.7,20.7,28.200000000000003,0.0,3,12.8,2,30,LOW
406,Martil,35.61,-5.27,2026-09-18,24.8,19.1,21.950000000000003,0.3,13,19.9,80,10,LOW
407,Martil,35.61,-5.27,2026-09-19,24.3,22.0,23.15,4.2,43,26.3,80,25,LOW
408,Martil,35.61,-5.27,2026-09-20,24.8,22.8,23.8,4.1,50,23.9,80,35,MEDIUM
409,Martil,35.61,-5.27,2026-09-21,25.7,22.2,23.95,0.0,8,22.5,2,20,LOW
410,Martil,35.61,-5.27,2026-09-22,25.1,21.6,23.35,0.0,0,17.3,2,20,LOW
411,Martil,35.61,-5.27,2026-09-23,25.0,20.8,22.9,0.0,0,13.8,45,30,LOW
412,Martil,35.61,-5.27,2026-09-24,25.3,19.9,22.6,0.0,0,11.7,45,20,LOW
413,Mechraa Bel Ksiri,34.56,-5.95,2026-09-18,31.4,14.7,23.049999999999997,0.0,0,18.2,45,20,LOW
414,Mechraa Bel Ksiri,34.56,-5.95,2026-09-19,37.0,19.1,28.05,0.0,0,18.8,2,30,LOW
415,Mechraa Bel Ksiri,34.56,-5.95,2026-09-20,37.7,24.7,31.200000000000003,0.0,0,19.6,0,30,LOW
416,Mechraa Bel Ksiri,34.56,-5.95,2026-09-21,37.1,24.6,30.85,0.0,0,18.8,0,30,LOW
417,Mechraa Bel Ksiri,34.56,-5.95,2026-09-22,36.2,23.7,29.950000000000003,0.0,0,17.1,0,30,LOW
418,Mechraa Bel Ksiri,34.56,-5.95,2026-09-23,37.0,18.2,27.6,0.0,0,15.0,0,30,LOW
419,Mechraa Bel Ksiri,34.56,-5.95,2026-09-24,36.9,18.0,27.45,0.0,0,16.0,3,30,LOW
420,Mediouna,33.4556,-7.5208,2026-09-18,27.3,16.4,21.85,0.0,0,19.1,3,20,LOW
421,Mediouna,33.4556,-7.5208,2026-09-19,30.7,17.8,24.25,0.0,0,17.2,45,20,LOW
422,Mediouna,33.4556,-7.5208,2026-09-20,34.9,19.5,27.2,0.0,0,17.2,2,20,LOW
423,Mediouna,33.4556,-7.5208,2026-09-21,33.9,20.6,27.25,0.0,0,17.1,1,20,LOW
424,Mediouna,33.4556,-7.5208,2026-09-22,33.5,19.5,26.5,0.0,0,16.0,45,20,LOW
425,Mediouna,33.4556,-7.5208,2026-09-23,28.3,18.2,23.25,0.0,0,12.1,45,20,LOW
426,Mediouna,33.4556,-7.5208,2026-09-24,28.3,18.6,23.450000000000003,0.0,0,11.6,45,20,LOW
427,Mehdya,34.2557,-6.6745,2026-09-18,26.4,15.6,21.0,0.0,0,16.4,45,20,LOW
428,Mehdya,34.2557,-6.6745,2026-09-19,33.3,17.9,25.599999999999998,0.0,0,17.9,2,20,LOW
429,Mehdya,34.2557,-6.6745,2026-09-20,33.3,20.8,27.049999999999997,0.0,0,13.0,1,20,LOW
430,Mehdya,34.2557,-6.6745,2026-09-21,34.3,20.6,27.45,0.0,0,14.2,0,20,LOW
431,Mehdya,34.2557,-6.6745,2026-09-22,29.9,19.1,24.5,0.0,0,12.1,1,20,LOW
432,Mehdya,34.2557,-6.6745,2026-09-23,30.1,19.1,24.6,0.0,0,12.4,0,20,LOW
433,Mehdya,34.2557,-6.6745,2026-09-24,28.8,18.2,23.5,0.0,0,12.2,45,20,LOW
434,Meknès,33.8833,-5.55,2026-09-18,29.9,15.7,22.799999999999997,0.0,0,12.8,2,20,LOW
435,Meknès,33.8833,-5.55,2026-09-19,34.0,19.3,26.65,0.0,3,12.7,2,20,LOW
436,Meknès,33.8833,-5.55,2026-09-20,35.2,21.4,28.3,0.0,0,12.9,1,30,LOW
437,Meknès,33.8833,-5.55,2026-09-21,34.6,20.1,27.35,0.0,0,13.3,1,20,LOW
438,Meknès,33.8833,-5.55,2026-09-22,33.1,18.9,26.0,0.0,0,12.4,1,20,LOW
439,Meknès,33.8833,-5.55,2026-09-23,33.9,18.9,26.4,0.0,0,11.4,0,20,LOW
440,Meknès,33.8833,-5.55,2026-09-24,34.4,19.2,26.799999999999997,0.0,0,14.8,3,20,LOW
441,Midalt,32.68,-4.74,2026-09-18,27.2,12.9,20.05,0.0,15,15.5,3,20,LOW
442,Midalt,32.68,-4.74,2026-09-19,27.0,13.3,20.15,2.2,58,25.5,80,50,MEDIUM
443,Midalt,32.68,-4.74,2026-09-20,28.4,14.9,21.65,0.1,33,19.5,3,30,LOW
444,Midalt,32.68,-4.74,2026-09-21,28.6,14.3,21.450000000000003,0.0,7,21.4,3,20,LOW
445,Midalt,32.68,-4.74,2026-09-22,27.0,14.1,20.55,0.0,8,19.6,3,20,LOW
446,Midalt,32.68,-4.74,2026-09-23,28.0,13.3,20.65,0.0,0,14.4,3,20,LOW
447,Midalt,32.68,-4.74,2026-09-24,29.6,13.3,21.450000000000003,0.0,3,20.3,2,20,LOW
448,Missour,33.05,-3.9908,2026-09-18,30.2,15.3,22.75,0.0,8,27.8,2,20,LOW
449,Missour,33.05,-3.9908,2026-09-19,29.6,17.9,23.75,2.8,50,15.0,95,50,MEDIUM
450,Missour,33.05,-3.9908,2026-09-20,30.2,17.1,23.65,0.6,30,22.8,45,30,LOW
451,Missour,33.05,-3.9908,2026-09-21,29.0,18.6,23.8,0.0,9,29.3,45,20,LOW
452,Missour,33.05,-3.9908,2026-09-22,29.5,16.1,22.8,0.0,3,19.6,3,20,LOW
453,Missour,33.05,-3.9908,2026-09-23,31.2,17.0,24.1,0.0,3,12.4,2,20,LOW
454,Missour,33.05,-3.9908,2026-09-24,32.8,16.8,24.799999999999997,0.0,0,12.8,1,20,LOW
455,Mohammedia,33.6833,-7.3833,2026-09-18,24.4,17.1,20.75,0.0,0,14.4,3,5,LOW
456,Mohammedia,33.6833,-7.3833,2026-09-19,26.8,17.7,22.25,0.0,0,12.6,45,20,LOW
457,Mohammedia,33.6833,-7.3833,2026-09-20,28.5,19.8,24.15,0.0,0,11.8,2,20,LOW
458,Mohammedia,33.6833,-7.3833,2026-09-21,27.8,20.5,24.15,0.0,0,11.8,1,20,LOW
459,Mohammedia,33.6833,-7.3833,2026-09-22,27.9,20.0,23.95,0.0,0,11.5,45,20,LOW
460,Mohammedia,33.6833,-7.3833,2026-09-23,30.5,19.4,24.95,0.0,0,16.7,45,20,LOW
461,Mohammedia,33.6833,-7.3833,2026-09-24,30.9,18.5,24.7,0.0,0,16.4,45,20,LOW
462,Moulay Abdallah,33.1978,-8.5883,2026-09-18,24.8,19.4,22.1,0.0,0,20.6,2,5,LOW
463,Moulay Abdallah,33.1978,-8.5883,2026-09-19,26.9,20.5,23.7,0.0,0,17.3,2,20,LOW
464,Moulay Abdallah,33.1978,-8.5883,2026-09-20,27.8,20.3,24.05,0.0,0,12.5,45,20,LOW
465,Moulay Abdallah,33.1978,-8.5883,2026-09-21,27.8,20.9,24.35,0.0,0,13.7,45,20,LOW
466,Moulay Abdallah,33.1978,-8.5883,2026-09-22,26.7,20.7,23.7,0.0,0,12.5,45,20,LOW
467,Moulay Abdallah,33.1978,-8.5883,2026-09-23,27.4,19.5,23.45,0.0,0,13.7,45,20,LOW
468,Moulay Abdallah,33.1978,-8.5883,2026-09-24,26.7,19.6,23.15,0.0,0,12.0,45,20,LOW
469,Moulay Bousselham,34.8786,-6.2933,2026-09-18,24.8,14.7,19.75,0.0,0,18.7,45,5,LOW
470,Moulay Bousselham,34.8786,-6.2933,2026-09-19,29.9,18.2,24.049999999999997,0.0,0,17.4,1,20,LOW
471,Moulay Bousselham,34.8786,-6.2933,2026-09-20,32.6,21.3,26.950000000000003,0.0,0,18.0,0,20,LOW
472,Moulay Bousselham,34.8786,-6.2933,2026-09-21,31.0,20.9,25.95,0.0,0,17.1,1,20,LOW
473,Moulay Bousselham,34.8786,-6.2933,2026-09-22,31.0,19.7,25.35,0.0,0,20.3,0,20,LOW
474,Moulay Bousselham,34.8786,-6.2933,2026-09-23,33.2,18.0,25.6,0.0,0,18.5,0,20,LOW
475,Moulay Bousselham,34.8786,-6.2933,2026-09-24,31.8,18.9,25.35,0.0,0,16.8,3,20,LOW
476,Mrirt,33.1654,-5.5634,2026-09-18,30.2,14.5,22.35,0.0,0,20.3,3,20,LOW
477,Mrirt,33.1654,-5.5634,2026-09-19,32.3,17.6,24.95,0.1,25,17.6,3,30,LOW
478,Mrirt,33.1654,-5.5634,2026-09-20,31.9,18.9,25.4,0.0,8,24.0,3,20,LOW
479,Mrirt,33.1654,-5.5634,2026-09-21,32.1,17.5,24.8,0.0,5,23.2,2,20,LOW
480,Mrirt,33.1654,-5.5634,2026-09-22,31.5,16.4,23.95,0.0,1,15.9,3,20,LOW
481,Mrirt,33.1654,-5.5634,2026-09-23,31.8,15.9,23.85,0.0,0,16.2,0,20,LOW
482,Mrirt,33.1654,-5.5634,2026-09-24,33.1,14.6,23.85,0.0,0,16.9,3,20,LOW
483,My Drarga,30.3805,-9.4763,2026-09-18,25.9,18.9,22.4,0.0,0,15.0,2,20,LOW
484,My Drarga,30.3805,-9.4763,2026-09-19,26.2,19.7,22.95,0.0,0,18.4,45,20,LOW
485,My Drarga,30.3805,-9.4763,2026-09-20,27.3,19.8,23.55,0.0,0,15.0,45,20,LOW
486,My Drarga,30.3805,-9.4763,2026-09-21,34.1,21.1,27.6,0.0,0,11.8,3,20,LOW
487,My Drarga,30.3805,-9.4763,2026-09-22,32.8,22.1,27.45,0.0,0,16.2,45,20,LOW
488,My Drarga,30.3805,-9.4763,2026-09-23,35.7,20.2,27.950000000000003,0.0,0,13.6,45,30,LOW
489,My Drarga,30.3805,-9.4763,2026-09-24,34.2,18.3,26.25,0.0,0,13.6,45,20,LOW
490,M’diq,35.68,-5.32,2026-09-18,24.6,19.0,21.8,0.3,0,19.9,80,10,LOW
491,M’diq,35.68,-5.32,2026-09-19,24.2,21.9,23.049999999999997,4.2,3,26.3,80,20,LOW
492,M’diq,35.68,-5.32,2026-09-20,24.6,22.6,23.6,4.1,5,23.9,80,20,LOW
493,M’diq,35.68,-5.32,2026-09-21,25.6,22.0,23.8,0.0,0,22.5,2,20,LOW
494,M’diq,35.68,-5.32,2026-09-22,25.0,21.5,23.25,0.0,0,17.3,2,30,LOW
495,M’diq,35.68,-5.32,2026-09-23,27.7,21.1,24.4,0.0,0,17.6,2,20,LOW
496,M’diq,35.68,-5.32,2026-09-24,28.6,19.6,24.1,0.0,0,14.6,45,20,LOW
497,Nador,35.1667,-2.9333,2026-09-18,25.1,21.8,23.450000000000003,1.2,3,16.6,80,25,LOW
498,Nador,35.1667,-2.9333,2026-09-19,25.3,22.8,24.05,4.6,3,22.9,80,35,MEDIUM
499,Nador,35.1667,-2.9333,2026-09-20,25.7,23.1,24.4,7.5,18,24.3,95,35,MEDIUM
500,Nador,35.1667,-2.9333,2026-09-21,26.0,23.2,24.6,0.0,8,15.5,3,20,LOW
501,Nador,35.1667,-2.9333,2026-09-22,25.9,21.7,23.799999999999997,0.0,0,13.5,2,20,LOW
502,Nador,35.1667,-2.9333,2026-09-23,27.1,19.7,23.4,0.0,0,15.5,45,20,LOW
503,Nador,35.1667,-2.9333,2026-09-24,27.9,16.2,22.049999999999997,0.0,0,12.7,45,20,LOW
504,Oued Zem,32.8619,-6.5711,2026-09-18,31.1,15.3,23.200000000000003,0.0,0,18.1,3,20,LOW
505,Oued Zem,32.8619,-6.5711,2026-09-19,34.5,19.9,27.2,0.0,3,21.7,3,20,LOW
506,Oued Zem,32.8619,-6.5711,2026-09-20,34.3,22.7,28.5,0.2,5,18.8,3,25,LOW
507,Oued Zem,32.8619,-6.5711,2026-09-21,34.3,21.4,27.849999999999998,0.0,1,16.8,2,20,LOW
508,Oued Zem,32.8619,-6.5711,2026-09-22,33.8,20.9,27.349999999999998,0.0,0,14.0,3,20,LOW
509,Oued Zem,32.8619,-6.5711,2026-09-23,34.0,18.7,26.35,0.0,0,14.7,1,20,LOW
510,Oued Zem,32.8619,-6.5711,2026-09-24,34.1,18.6,26.35,0.0,0,13.9,3,20,LOW
511,Ouezzane,34.8,-5.6,2026-09-18,30.5,14.1,22.3,0.0,0,14.9,3,20,LOW
512,Ouezzane,34.8,-5.6,2026-09-19,35.4,17.7,26.549999999999997,0.0,0,18.6,1,30,LOW
513,Ouezzane,34.8,-5.6,2026-09-20,36.2,20.8,28.5,0.0,0,13.8,2,30,LOW
514,Ouezzane,34.8,-5.6,2026-09-21,35.3,20.6,27.95,0.0,0,13.0,0,30,LOW
515,Ouezzane,34.8,-5.6,2026-09-22,34.6,18.0,26.3,0.0,0,9.2,0,15,LOW
516,Ouezzane,34.8,-5.6,2026-09-23,36.1,18.8,27.450000000000003,0.0,0,14.5,0,30,LOW
517,Ouezzane,34.8,-5.6,2026-09-24,36.6,18.2,27.4,0.0,0,15.0,1,30,LOW
518,Oujda-Angad,34.6867,-1.9114,2026-09-18,27.7,16.3,22.0,0.0,3,20.6,3,20,LOW
519,Oujda-Angad,34.6867,-1.9114,2026-09-19,28.2,19.1,23.65,1.1,43,15.0,80,30,LOW
520,Oujda-Angad,34.6867,-1.9114,2026-09-20,29.7,18.9,24.299999999999997,0.8,33,16.7,80,30,LOW
521,Oujda-Angad,34.6867,-1.9114,2026-09-21,26.4,18.4,22.4,0.0,9,17.8,45,20,LOW
522,Oujda-Angad,34.6867,-1.9114,2026-09-22,29.5,15.1,22.3,0.0,1,16.4,2,20,LOW
523,Oujda-Angad,34.6867,-1.9114,2026-09-23,30.8,17.8,24.3,0.0,0,17.9,1,20,LOW
524,Oujda-Angad,34.6867,-1.9114,2026-09-24,33.0,16.5,24.75,0.0,0,20.1,0,20,LOW
525,Oulad Barhil,30.6408,-8.475,2026-09-18,29.8,17.8,23.8,0.0,0,27.5,3,20,LOW
526,Oulad Barhil,30.6408,-8.475,2026-09-19,37.0,20.0,28.5,0.0,3,28.8,2,30,LOW
527,Oulad Barhil,30.6408,-8.475,2026-09-20,37.5,21.6,29.55,0.0,3,26.8,2,30,LOW
528,Oulad Barhil,30.6408,-8.475,2026-09-21,38.1,21.1,29.6,0.0,3,28.8,2,30,LOW
529,Oulad Barhil,30.6408,-8.475,2026-09-22,37.6,19.7,28.65,0.0,0,27.5,1,30,LOW
530,Oulad Barhil,30.6408,-8.475,2026-09-23,37.3,18.9,28.099999999999998,0.0,0,23.3,0,30,LOW
531,Oulad Barhil,30.6408,-8.475,2026-09-24,37.5,17.8,27.65,0.0,3,29.4,1,30,LOW
532,Oulad Tayeb,33.9598,-4.9954,2026-09-18,30.9,17.3,24.1,0.0,0,13.6,3,20,LOW
533,Oulad Tayeb,33.9598,-4.9954,2026-09-19,33.4,19.7,26.549999999999997,0.0,3,22.2,2,20,LOW
534,Oulad Tayeb,33.9598,-4.9954,2026-09-20,34.9,20.9,27.9,0.0,0,15.2,1,20,LOW
535,Oulad Tayeb,33.9598,-4.9954,2026-09-21,34.0,20.7,27.35,0.0,0,15.9,3,20,LOW
536,Oulad Tayeb,33.9598,-4.9954,2026-09-22,33.3,19.6,26.45,0.0,0,11.4,3,20,LOW
537,Oulad Tayeb,33.9598,-4.9954,2026-09-23,34.2,19.6,26.900000000000002,0.0,0,7.5,0,15,LOW
538,Oulad Tayeb,33.9598,-4.9954,2026-09-24,35.1,20.8,27.950000000000003,0.0,0,11.5,0,30,LOW
539,Oulad Teïma,30.4,-9.21,2026-09-18,28.9,18.3,23.6,0.0,0,22.3,1,20,LOW
540,Oulad Teïma,30.4,-9.21,2026-09-19,29.6,18.9,24.25,0.0,0,26.2,2,20,LOW
541,Oulad Teïma,30.4,-9.21,2026-09-20,31.2,19.3,25.25,0.0,0,23.8,45,20,LOW
542,Oulad Teïma,30.4,-9.21,2026-09-21,39.7,21.0,30.35,0.0,0,19.5,3,30,LOW
543,Oulad Teïma,30.4,-9.21,2026-09-22,38.4,20.5,29.45,0.0,0,30.1,0,35,MEDIUM
544,Oulad Teïma,30.4,-9.21,2026-09-23,35.6,19.9,27.75,0.0,0,26.0,0,30,LOW
545,Oulad Teïma,30.4,-9.21,2026-09-24,32.3,16.3,24.299999999999997,0.0,0,27.0,45,20,LOW
546,Oulad Yaïch,32.4167,-6.3333,2026-09-18,33.6,18.2,25.9,0.0,0,7.7,3,15,LOW
547,Oulad Yaïch,32.4167,-6.3333,2026-09-19,37.1,21.4,29.25,0.0,10,15.1,2,30,LOW
548,Oulad Yaïch,32.4167,-6.3333,2026-09-20,38.0,23.0,30.5,0.1,15,19.6,3,35,MEDIUM
549,Oulad Yaïch,32.4167,-6.3333,2026-09-21,37.3,23.0,30.15,0.3,5,14.5,3,35,MEDIUM
550,Oulad Yaïch,32.4167,-6.3333,2026-09-22,36.3,23.7,30.0,0.0,0,13.9,3,30,LOW
551,Oulad Yaïch,32.4167,-6.3333,2026-09-23,36.0,22.6,29.3,0.0,0,16.7,1,30,LOW
552,Oulad Yaïch,32.4167,-6.3333,2026-09-24,36.4,25.3,30.85,0.0,0,16.6,3,30,LOW
553,Qasbat Tadla,32.6,-6.26,2026-09-18,34.0,17.0,25.5,0.0,0,16.6,3,20,LOW
554,Qasbat Tadla,32.6,-6.26,2026-09-19,37.2,20.7,28.950000000000003,0.0,3,13.3,2,30,LOW
555,Qasbat Tadla,32.6,-6.26,2026-09-20,37.9,22.1,30.0,0.0,8,16.6,3,30,LOW
556,Qasbat Tadla,32.6,-6.26,2026-09-21,36.5,20.9,28.7,0.3,3,13.8,2,35,MEDIUM
557,Qasbat Tadla,32.6,-6.26,2026-09-22,36.1,20.8,28.450000000000003,0.0,3,12.8,3,30,LOW
558,Qasbat Tadla,32.6,-6.26,2026-09-23,36.9,17.2,27.049999999999997,0.0,0,6.9,1,25,LOW
559,Qasbat Tadla,32.6,-6.26,2026-09-24,37.3,14.5,25.9,0.0,0,11.6,3,30,LOW
560,Rabat,34.0211,-6.8414,2026-09-18,25.5,16.4,20.95,0.0,0,14.0,45,20,LOW
561,Rabat,34.0211,-6.8414,2026-09-19,29.7,17.5,23.6,0.0,0,13.4,2,20,LOW
562,Rabat,34.0211,-6.8414,2026-09-20,30.1,20.3,25.200000000000003,0.0,0,11.5,1,20,LOW
563,Rabat,34.0211,-6.8414,2026-09-21,30.6,20.5,25.55,0.0,0,12.8,1,20,LOW
564,Rabat,34.0211,-6.8414,2026-09-22,29.7,20.2,24.95,0.0,0,10.9,0,20,LOW
565,Rabat,34.0211,-6.8414,2026-09-23,28.2,19.2,23.7,0.0,0,11.4,1,20,LOW
566,Rabat,34.0211,-6.8414,2026-09-24,28.3,18.9,23.6,0.0,0,11.8,45,20,LOW
567,Safi,32.2833,-9.2333,2026-09-18,25.8,18.2,22.0,0.0,0,23.3,1,20,LOW
568,Safi,32.2833,-9.2333,2026-09-19,26.4,19.2,22.799999999999997,0.0,0,17.6,2,20,LOW
569,Safi,32.2833,-9.2333,2026-09-20,25.0,19.9,22.45,0.0,0,8.6,2,25,LOW
570,Safi,32.2833,-9.2333,2026-09-21,26.6,18.6,22.6,0.0,0,10.9,45,20,LOW
571,Safi,32.2833,-9.2333,2026-09-22,25.6,18.8,22.200000000000003,0.0,0,11.7,45,20,LOW
572,Safi,32.2833,-9.2333,2026-09-23,28.3,19.6,23.950000000000003,0.0,0,14.1,45,20,LOW
573,Safi,32.2833,-9.2333,2026-09-24,26.4,18.7,22.549999999999997,0.0,3,13.9,45,20,LOW
574,Sale,34.05,-6.8167,2026-09-18,25.5,16.3,20.9,0.0,0,14.0,45,20,LOW
575,Sale,34.05,-6.8167,2026-09-19,29.6,17.5,23.55,0.0,0,13.4,2,20,LOW
576,Sale,34.05,-6.8167,2026-09-20,30.1,20.2,25.15,0.0,0,11.5,1,20,LOW
577,Sale,34.05,-6.8167,2026-09-21,30.6,20.4,25.5,0.0,0,12.8,1,20,LOW
578,Sale,34.05,-6.8167,2026-09-22,29.6,20.1,24.85,0.0,0,10.9,0,20,LOW
579,Sale,34.05,-6.8167,2026-09-23,28.1,19.2,23.65,0.0,0,11.4,1,20,LOW
580,Sale,34.05,-6.8167,2026-09-24,28.2,18.8,23.5,0.0,0,11.8,45,20,LOW
581,Sebt Gzoula,32.1219,-9.0889,2026-09-18,29.6,17.6,23.6,0.0,0,18.1,1,20,LOW
582,Sebt Gzoula,32.1219,-9.0889,2026-09-19,32.0,18.8,25.4,0.0,0,15.6,3,20,LOW
583,Sebt Gzoula,32.1219,-9.0889,2026-09-20,30.5,21.1,25.8,0.0,0,14.3,2,20,LOW
584,Sebt Gzoula,32.1219,-9.0889,2026-09-21,33.8,20.6,27.2,0.0,0,14.0,1,20,LOW
585,Sebt Gzoula,32.1219,-9.0889,2026-09-22,33.1,19.4,26.25,0.0,0,16.3,45,20,LOW
586,Sebt Gzoula,32.1219,-9.0889,2026-09-23,28.6,18.2,23.4,0.0,0,13.6,45,20,LOW
587,Sebt Gzoula,32.1219,-9.0889,2026-09-24,27.4,18.0,22.7,0.0,5,13.8,45,20,LOW
588,Sefrou,33.83,-4.83,2026-09-18,28.0,16.4,22.2,0.0,0,16.3,3,20,LOW
589,Sefrou,33.83,-4.83,2026-09-19,31.3,19.4,25.35,0.1,13,18.9,3,25,LOW
590,Sefrou,33.83,-4.83,2026-09-20,31.7,20.2,25.95,0.0,0,17.3,1,20,LOW
591,Sefrou,33.83,-4.83,2026-09-21,30.6,20.3,25.450000000000003,0.0,0,16.0,3,20,LOW
592,Sefrou,33.83,-4.83,2026-09-22,30.0,19.2,24.6,0.0,0,15.8,3,20,LOW
593,Sefrou,33.83,-4.83,2026-09-23,31.8,18.4,25.1,0.0,0,11.7,1,20,LOW
594,Sefrou,33.83,-4.83,2026-09-24,32.6,16.9,24.75,0.0,0,15.8,0,20,LOW
595,Semara,26.7394,-11.6703,2026-09-18,30.4,19.9,25.15,0.0,0,24.6,3,20,LOW
596,Semara,26.7394,-11.6703,2026-09-19,31.8,18.4,25.1,0.0,0,19.4,3,20,LOW
597,Semara,26.7394,-11.6703,2026-09-20,37.1,18.5,27.8,0.0,0,19.5,3,30,LOW
598,Semara,26.7394,-11.6703,2026-09-21,41.0,23.1,32.05,0.0,13,21.9,0,30,LOW
599,Semara,26.7394,-11.6703,2026-09-22,41.9,24.7,33.3,0.0,14,24.9,2,30,LOW
600,Semara,26.7394,-11.6703,2026-09-23,42.2,25.4,33.8,0.0,9,23.1,1,30,LOW
601,Semara,26.7394,-11.6703,2026-09-24,40.9,26.3,33.6,0.0,6,19.1,3,30,LOW
602,Settat,33.0023,-7.6198,2026-09-18,29.4,15.9,22.65,0.0,0,18.8,3,20,LOW
603,Settat,33.0023,-7.6198,2026-09-19,33.7,17.5,25.6,0.0,0,16.3,3,20,LOW
604,Settat,33.0023,-7.6198,2026-09-20,36.0,20.6,28.3,0.0,0,18.2,2,30,LOW
605,Settat,33.0023,-7.6198,2026-09-21,36.4,22.0,29.2,0.0,5,15.8,2,30,LOW
606,Settat,33.0023,-7.6198,2026-09-22,35.7,19.9,27.8,0.0,1,14.8,1,30,LOW
607,Settat,33.0023,-7.6198,2026-09-23,34.4,17.7,26.049999999999997,0.0,0,18.4,0,20,LOW
608,Settat,33.0023,-7.6198,2026-09-24,33.4,18.7,26.049999999999997,0.0,0,15.5,3,20,LOW
609,Sidi Bennour,32.655,-8.4292,2026-09-18,29.6,16.1,22.85,0.0,0,20.6,45,20,LOW
610,Sidi Bennour,32.655,-8.4292,2026-09-19,33.4,17.1,25.25,0.0,0,19.4,45,20,LOW
611,Sidi Bennour,32.655,-8.4292,2026-09-20,34.9,18.9,26.9,0.0,0,18.2,2,20,LOW
612,Sidi Bennour,32.655,-8.4292,2026-09-21,36.2,19.8,28.0,0.0,0,16.7,2,30,LOW
613,Sidi Bennour,32.655,-8.4292,2026-09-22,36.2,17.8,27.0,0.0,0,16.4,45,30,LOW
614,Sidi Bennour,32.655,-8.4292,2026-09-23,34.3,18.3,26.299999999999997,0.0,3,17.3,45,20,LOW
615,Sidi Bennour,32.655,-8.4292,2026-09-24,32.4,16.9,24.65,0.0,3,16.1,45,20,LOW
616,Sidi Lmokhtar,31.57,-9.01,2026-09-18,31.0,16.7,23.85,0.0,0,18.3,1,20,LOW
617,Sidi Lmokhtar,31.57,-9.01,2026-09-19,33.4,19.3,26.35,0.0,0,16.2,2,20,LOW
618,Sidi Lmokhtar,31.57,-9.01,2026-09-20,34.4,21.9,28.15,0.0,0,18.3,2,20,LOW
619,Sidi Lmokhtar,31.57,-9.01,2026-09-21,37.6,22.2,29.9,0.0,0,18.8,2,30,LOW
620,Sidi Lmokhtar,31.57,-9.01,2026-09-22,36.9,19.1,28.0,0.0,0,21.7,0,30,LOW
621,Sidi Lmokhtar,31.57,-9.01,2026-09-23,33.0,17.2,25.1,0.0,0,19.2,0,20,LOW
622,Sidi Lmokhtar,31.57,-9.01,2026-09-24,31.9,18.1,25.0,0.0,3,17.8,0,20,LOW
623,Sidi Qacem,34.21,-5.7,2026-09-18,31.9,17.1,24.5,0.0,0,15.3,3,20,LOW
624,Sidi Qacem,34.21,-5.7,2026-09-19,36.7,21.5,29.1,0.0,0,17.7,1,30,LOW
625,Sidi Qacem,34.21,-5.7,2026-09-20,37.7,25.4,31.55,0.0,0,15.6,1,30,LOW
626,Sidi Qacem,34.21,-5.7,2026-09-21,36.9,23.9,30.4,0.0,0,11.5,0,30,LOW
627,Sidi Qacem,34.21,-5.7,2026-09-22,35.9,22.7,29.299999999999997,0.0,0,8.3,0,25,LOW
628,Sidi Qacem,34.21,-5.7,2026-09-23,36.5,20.2,28.35,0.0,0,9.7,0,25,LOW
629,Sidi Qacem,34.21,-5.7,2026-09-24,36.9,20.2,28.549999999999997,0.0,0,13.2,3,30,LOW
630,Sidi Slimane,34.26,-5.93,2026-09-18,32.1,16.3,24.200000000000003,0.0,0,16.4,45,20,LOW
631,Sidi Slimane,34.26,-5.93,2026-09-19,37.3,19.6,28.45,0.0,0,17.5,2,30,LOW
632,Sidi Slimane,34.26,-5.93,2026-09-20,38.3,24.0,31.15,0.0,0,15.0,0,30,LOW
633,Sidi Slimane,34.26,-5.93,2026-09-21,37.6,23.0,30.3,0.0,0,15.0,0,30,LOW
634,Sidi Slimane,34.26,-5.93,2026-09-22,36.4,21.7,29.049999999999997,0.0,0,13.7,0,30,LOW
635,Sidi Slimane,34.26,-5.93,2026-09-23,37.0,18.5,27.75,0.0,0,16.1,0,30,LOW
636,Sidi Slimane,34.26,-5.93,2026-09-24,37.1,17.2,27.15,0.0,0,15.0,3,30,LOW
637,Sidi Smai’il,32.8167,-8.5,2026-09-18,28.1,17.3,22.700000000000003,0.0,0,18.7,45,20,LOW
638,Sidi Smai’il,32.8167,-8.5,2026-09-19,31.7,17.9,24.799999999999997,0.0,0,17.2,3,20,LOW
639,Sidi Smai’il,32.8167,-8.5,2026-09-20,32.8,19.9,26.349999999999998,0.0,0,15.3,2,20,LOW
640,Sidi Smai’il,32.8167,-8.5,2026-09-21,34.1,20.1,27.1,0.0,0,14.4,45,20,LOW
641,Sidi Smai’il,32.8167,-8.5,2026-09-22,33.0,18.9,25.95,0.0,0,15.3,45,20,LOW
642,Sidi Smai’il,32.8167,-8.5,2026-09-23,31.1,18.8,24.950000000000003,0.0,3,17.1,45,20,LOW
643,Sidi Smai’il,32.8167,-8.5,2026-09-24,30.0,18.1,24.05,0.0,3,15.2,45,20,LOW
644,Sidi Yahia El Gharb,34.3058,-6.3058,2026-09-18,29.6,15.4,22.5,0.0,0,18.8,45,20,LOW
645,Sidi Yahia El Gharb,34.3058,-6.3058,2026-09-19,35.6,17.7,26.65,0.0,0,18.8,1,30,LOW
646,Sidi Yahia El Gharb,34.3058,-6.3058,2026-09-20,37.3,22.0,29.65,0.0,0,19.9,1,30,LOW
647,Sidi Yahia El Gharb,34.3058,-6.3058,2026-09-21,37.1,21.2,29.15,0.0,0,13.7,0,30,LOW
648,Sidi Yahia El Gharb,34.3058,-6.3058,2026-09-22,34.1,19.5,26.8,0.0,0,19.4,0,20,LOW
649,Sidi Yahia El Gharb,34.3058,-6.3058,2026-09-23,36.7,18.3,27.5,0.0,0,13.1,0,30,LOW
650,Sidi Yahia El Gharb,34.3058,-6.3058,2026-09-24,34.3,17.9,26.099999999999998,0.0,0,19.2,3,20,LOW
651,Sidi Yahya Zaer,33.7105,-6.8831,2026-09-18,27.8,14.9,21.35,0.0,0,18.3,3,20,LOW
652,Sidi Yahya Zaer,33.7105,-6.8831,2026-09-19,32.1,17.3,24.700000000000003,0.0,0,17.7,2,20,LOW
653,Sidi Yahya Zaer,33.7105,-6.8831,2026-09-20,34.0,20.2,27.1,0.0,0,17.7,1,20,LOW
654,Sidi Yahya Zaer,33.7105,-6.8831,2026-09-21,34.2,20.6,27.400000000000002,0.0,0,18.4,1,20,LOW
655,Sidi Yahya Zaer,33.7105,-6.8831,2026-09-22,33.2,20.1,26.650000000000002,0.0,0,17.6,1,20,LOW
656,Sidi Yahya Zaer,33.7105,-6.8831,2026-09-23,32.2,17.4,24.8,0.0,0,16.6,0,20,LOW
657,Sidi Yahya Zaer,33.7105,-6.8831,2026-09-24,31.2,17.1,24.15,0.0,0,16.0,3,20,LOW
658,Skhirate,33.85,-7.03,2026-09-18,24.1,16.1,20.1,0.0,0,15.6,2,5,LOW
659,Skhirate,33.85,-7.03,2026-09-19,27.2,17.3,22.25,0.0,0,14.4,2,20,LOW
660,Skhirate,33.85,-7.03,2026-09-20,27.8,19.5,23.65,0.0,0,11.5,1,20,LOW
661,Skhirate,33.85,-7.03,2026-09-21,27.6,20.1,23.85,0.0,0,12.3,1,20,LOW
662,Skhirate,33.85,-7.03,2026-09-22,27.5,19.6,23.55,0.0,0,12.1,1,20,LOW
663,Skhirate,33.85,-7.03,2026-09-23,26.5,19.5,23.0,0.0,0,12.0,45,20,LOW
664,Skhirate,33.85,-7.03,2026-09-24,26.0,19.1,22.55,0.0,0,11.6,45,20,LOW
665,Souk et Tnine Jorf el Mellah,34.4945,-5.5047,2026-09-18,32.4,15.6,24.0,0.0,0,11.1,45,20,LOW
666,Souk et Tnine Jorf el Mellah,34.4945,-5.5047,2026-09-19,37.1,21.2,29.15,0.0,0,23.1,1,30,LOW
667,Souk et Tnine Jorf el Mellah,34.4945,-5.5047,2026-09-20,37.2,24.8,31.0,0.0,0,19.1,0,30,LOW
668,Souk et Tnine Jorf el Mellah,34.4945,-5.5047,2026-09-21,36.7,24.6,30.650000000000002,0.0,0,19.5,1,30,LOW
669,Souk et Tnine Jorf el Mellah,34.4945,-5.5047,2026-09-22,35.8,23.7,29.75,0.0,0,16.2,0,30,LOW
670,Souk et Tnine Jorf el Mellah,34.4945,-5.5047,2026-09-23,37.0,20.8,28.9,0.0,0,9.5,0,25,LOW
671,Souk et Tnine Jorf el Mellah,34.4945,-5.5047,2026-09-24,37.7,19.2,28.450000000000003,0.0,0,17.6,1,30,LOW
672,Souq Sebt Oulad Nemma,32.3,-6.7,2026-09-18,34.1,17.7,25.9,0.0,0,11.3,3,20,LOW
673,Souq Sebt Oulad Nemma,32.3,-6.7,2026-09-19,37.8,20.8,29.299999999999997,0.0,3,13.9,2,30,LOW
674,Souq Sebt Oulad Nemma,32.3,-6.7,2026-09-20,38.4,22.8,30.6,0.5,20,19.0,80,40,MEDIUM
675,Souq Sebt Oulad Nemma,32.3,-6.7,2026-09-21,37.5,22.0,29.75,0.0,6,11.9,3,30,LOW
676,Souq Sebt Oulad Nemma,32.3,-6.7,2026-09-22,37.0,23.1,30.05,0.0,0,14.9,2,30,LOW
677,Souq Sebt Oulad Nemma,32.3,-6.7,2026-09-23,37.9,19.4,28.65,0.0,2,11.7,0,30,LOW
678,Souq Sebt Oulad Nemma,32.3,-6.7,2026-09-24,37.7,17.2,27.450000000000003,0.0,0,9.3,3,25,LOW
679,Tabount,30.9014,-6.9217,2026-09-18,32.0,17.4,24.7,0.0,3,15.5,3,20,LOW
680,Tabount,30.9014,-6.9217,2026-09-19,31.5,19.2,25.35,0.0,15,27.9,3,20,LOW
681,Tabount,30.9014,-6.9217,2026-09-20,31.2,19.4,25.299999999999997,0.2,30,16.0,3,30,LOW
682,Tabount,30.9014,-6.9217,2026-09-21,31.8,20.0,25.9,1.2,20,19.5,3,30,LOW
683,Tabount,30.9014,-6.9217,2026-09-22,33.0,18.6,25.8,0.0,5,26.6,1,20,LOW
684,Tabount,30.9014,-6.9217,2026-09-23,32.2,16.0,24.1,0.0,3,7.4,2,15,LOW
685,Tabount,30.9014,-6.9217,2026-09-24,32.9,17.2,25.049999999999997,0.0,3,12.1,3,20,LOW
686,Tahannawt,31.3514,-7.9508,2026-09-18,27.6,14.5,21.05,0.0,0,12.4,2,20,LOW
687,Tahannawt,31.3514,-7.9508,2026-09-19,31.5,17.9,24.7,0.0,13,13.2,2,20,LOW
688,Tahannawt,31.3514,-7.9508,2026-09-20,32.9,21.1,27.0,0.1,40,17.3,3,30,LOW
689,Tahannawt,31.3514,-7.9508,2026-09-21,32.9,21.1,27.0,0.0,5,16.6,2,20,LOW
690,Tahannawt,31.3514,-7.9508,2026-09-22,32.7,21.4,27.05,0.0,3,16.6,0,20,LOW
691,Tahannawt,31.3514,-7.9508,2026-09-23,32.8,17.5,25.15,0.0,5,14.4,0,20,LOW
692,Tahannawt,31.3514,-7.9508,2026-09-24,32.2,17.2,24.700000000000003,0.0,5,13.5,1,20,LOW
693,Tahla,34.05,-4.42,2026-09-18,30.6,15.8,23.200000000000003,0.0,0,17.6,3,20,LOW
694,Tahla,34.05,-4.42,2026-09-19,32.1,20.9,26.5,0.0,10,26.3,2,20,LOW
695,Tahla,34.05,-4.42,2026-09-20,32.8,21.1,26.95,0.0,0,22.5,0,20,LOW
696,Tahla,34.05,-4.42,2026-09-21,32.3,20.4,26.349999999999998,0.0,0,17.2,3,20,LOW
697,Tahla,34.05,-4.42,2026-09-22,32.1,19.0,25.55,0.0,0,14.5,2,20,LOW
698,Tahla,34.05,-4.42,2026-09-23,33.4,19.2,26.299999999999997,0.0,0,17.2,1,20,LOW
699,Tahla,34.05,-4.42,2026-09-24,34.3,19.5,26.9,0.0,0,13.0,0,20,LOW
700,Tameslouht,31.5,-8.1,2026-09-18,31.1,17.4,24.25,0.0,0,10.0,2,40,MEDIUM
701,Tameslouht,31.5,-8.1,2026-09-19,34.5,20.7,27.6,0.0,5,14.8,2,20,LOW
702,Tameslouht,31.5,-8.1,2026-09-20,36.7,22.4,29.55,0.6,43,19.4,80,40,MEDIUM
703,Tameslouht,31.5,-8.1,2026-09-21,36.6,23.0,29.8,0.0,2,21.0,2,30,LOW
704,Tameslouht,31.5,-8.1,2026-09-22,36.0,22.1,29.05,0.0,3,22.5,0,30,LOW
705,Tameslouht,31.5,-8.1,2026-09-23,35.2,19.6,27.400000000000002,0.0,2,15.1,0,30,LOW
706,Tameslouht,31.5,-8.1,2026-09-24,34.6,20.6,27.6,0.0,0,14.8,1,20,LOW
707,Tan-Tan,28.4333,-11.1,2026-09-18,25.9,19.5,22.7,0.0,0,25.9,2,20,LOW
708,Tan-Tan,28.4333,-11.1,2026-09-19,26.7,18.9,22.799999999999997,0.0,0,19.9,3,20,LOW
709,Tan-Tan,28.4333,-11.1,2026-09-20,31.5,18.4,24.95,0.0,0,17.9,3,20,LOW
710,Tan-Tan,28.4333,-11.1,2026-09-21,34.5,18.7,26.6,0.0,2,24.8,2,20,LOW
711,Tan-Tan,28.4333,-11.1,2026-09-22,33.9,18.9,26.4,0.0,0,20.5,1,20,LOW
712,Tan-Tan,28.4333,-11.1,2026-09-23,34.4,20.4,27.4,0.0,2,22.1,3,20,LOW
713,Tan-Tan,28.4333,-11.1,2026-09-24,37.2,24.2,30.700000000000003,0.0,2,18.8,2,30,LOW
714,Tangier,35.7767,-5.8039,2026-09-18,27.7,18.3,23.0,0.0,0,21.3,2,20,LOW
715,Tangier,35.7767,-5.8039,2026-09-19,27.4,22.6,25.0,0.0,0,31.1,2,25,LOW
716,Tangier,35.7767,-5.8039,2026-09-20,28.5,23.9,26.2,0.0,0,31.3,1,25,LOW
717,Tangier,35.7767,-5.8039,2026-09-21,28.3,22.8,25.55,0.0,0,28.5,2,20,LOW
718,Tangier,35.7767,-5.8039,2026-09-22,28.2,21.4,24.799999999999997,0.0,0,24.1,2,20,LOW
719,Tangier,35.7767,-5.8039,2026-09-23,28.2,21.9,25.049999999999997,0.0,0,24.3,1,20,LOW
720,Tangier,35.7767,-5.8039,2026-09-24,30.1,20.8,25.450000000000003,0.0,0,19.2,0,20,LOW
721,Taourirt,34.41,-2.89,2026-09-18,29.2,18.1,23.65,0.0,0,31.4,3,25,LOW
722,Taourirt,34.41,-2.89,2026-09-19,29.6,20.5,25.05,0.0,23,27.8,3,25,LOW
723,Taourirt,34.41,-2.89,2026-09-20,31.2,21.4,26.299999999999997,0.0,0,30.8,45,25,LOW
724,Taourirt,34.41,-2.89,2026-09-21,28.7,20.4,24.549999999999997,0.0,10,25.5,3,20,LOW
725,Taourirt,34.41,-2.89,2026-09-22,31.0,17.9,24.45,0.0,0,23.4,1,20,LOW
726,Taourirt,34.41,-2.89,2026-09-23,31.8,19.1,25.450000000000003,0.0,0,22.1,0,20,LOW
727,Taourirt,34.41,-2.89,2026-09-24,33.7,18.1,25.900000000000002,0.0,0,20.2,0,20,LOW
728,Taroudannt,30.4711,-8.8778,2026-09-18,30.0,18.2,24.1,0.0,0,20.7,2,20,LOW
729,Taroudannt,30.4711,-8.8778,2026-09-19,32.4,18.6,25.5,0.0,0,24.3,3,20,LOW
730,Taroudannt,30.4711,-8.8778,2026-09-20,35.7,20.6,28.150000000000002,0.0,0,23.2,2,30,LOW
731,Taroudannt,30.4711,-8.8778,2026-09-21,40.3,22.3,31.299999999999997,0.0,0,25.5,3,30,LOW
732,Taroudannt,30.4711,-8.8778,2026-09-22,38.7,22.1,30.400000000000002,0.0,0,31.1,1,35,MEDIUM
733,Taroudannt,30.4711,-8.8778,2026-09-23,38.5,20.2,29.35,0.0,0,26.0,0,30,LOW
734,Taroudannt,30.4711,-8.8778,2026-09-24,37.7,17.6,27.650000000000002,0.0,0,23.7,0,30,LOW
735,Taza,34.2144,-4.0088,2026-09-18,29.0,17.4,23.2,0.0,0,18.4,2,20,LOW
736,Taza,34.2144,-4.0088,2026-09-19,29.1,19.7,24.4,0.0,5,23.8,3,20,LOW
737,Taza,34.2144,-4.0088,2026-09-20,30.2,20.8,25.5,0.0,0,19.4,3,20,LOW
738,Taza,34.2144,-4.0088,2026-09-21,28.8,20.6,24.700000000000003,0.0,0,19.8,3,20,LOW
739,Taza,34.2144,-4.0088,2026-09-22,29.7,17.6,23.65,0.0,0,17.6,1,20,LOW
740,Taza,34.2144,-4.0088,2026-09-23,32.2,18.0,25.1,0.0,0,19.5,2,20,LOW
741,Taza,34.2144,-4.0088,2026-09-24,33.7,17.9,25.8,0.0,0,12.1,0,20,LOW
742,Temara,33.9234,-6.9076,2026-09-18,25.5,15.6,20.55,0.0,0,13.8,45,20,LOW
743,Temara,33.9234,-6.9076,2026-09-19,29.2,17.0,23.1,0.0,0,13.6,1,20,LOW
744,Temara,33.9234,-6.9076,2026-09-20,29.9,19.6,24.75,0.0,0,10.9,1,20,LOW
745,Temara,33.9234,-6.9076,2026-09-21,30.4,20.5,25.45,0.0,0,12.2,1,20,LOW
746,Temara,33.9234,-6.9076,2026-09-22,29.8,19.8,24.8,0.0,0,11.0,0,20,LOW
747,Temara,33.9234,-6.9076,2026-09-23,26.4,19.4,22.9,0.0,0,12.0,0,20,LOW
748,Temara,33.9234,-6.9076,2026-09-24,25.9,19.0,22.45,0.0,0,11.6,45,20,LOW
749,Temsia,30.3633,-9.4144,2026-09-18,26.9,19.0,22.95,0.0,0,18.6,2,20,LOW
750,Temsia,30.3633,-9.4144,2026-09-19,27.2,19.8,23.5,0.0,0,22.7,3,20,LOW
751,Temsia,30.3633,-9.4144,2026-09-20,28.3,19.6,23.950000000000003,0.0,0,18.1,45,20,LOW
752,Temsia,30.3633,-9.4144,2026-09-21,37.3,21.4,29.349999999999998,0.0,0,15.6,3,30,LOW
753,Temsia,30.3633,-9.4144,2026-09-22,36.3,21.5,28.9,0.0,0,21.4,0,30,LOW
754,Temsia,30.3633,-9.4144,2026-09-23,36.1,20.4,28.25,0.0,0,26.0,0,30,LOW
755,Temsia,30.3633,-9.4144,2026-09-24,32.8,16.8,24.799999999999997,0.0,0,27.0,45,20,LOW
756,Tifariti,26.158,-10.567,2026-09-18,30.0,16.6,23.3,0.0,0,35.5,3,25,LOW
757,Tifariti,26.158,-10.567,2026-09-19,31.0,16.1,23.55,0.0,0,24.1,3,20,LOW
758,Tifariti,26.158,-10.567,2026-09-20,37.3,18.9,28.099999999999998,0.0,0,11.6,0,30,LOW
759,Tifariti,26.158,-10.567,2026-09-21,38.4,24.2,31.299999999999997,0.0,10,20.0,0,30,LOW
760,Tifariti,26.158,-10.567,2026-09-22,38.8,26.2,32.5,0.0,16,16.8,0,30,LOW
761,Tifariti,26.158,-10.567,2026-09-23,39.2,25.9,32.55,0.0,8,19.7,1,30,LOW
762,Tifariti,26.158,-10.567,2026-09-24,38.6,27.1,32.85,0.0,4,20.3,3,30,LOW
763,Tiflet,33.9,-6.33,2026-09-18,29.4,15.5,22.45,0.0,0,16.9,3,20,LOW
764,Tiflet,33.9,-6.33,2026-09-19,34.6,18.8,26.700000000000003,0.0,0,16.3,2,20,LOW
765,Tiflet,33.9,-6.33,2026-09-20,36.0,21.4,28.7,0.0,0,17.4,1,30,LOW
766,Tiflet,33.9,-6.33,2026-09-21,36.0,21.0,28.5,0.0,3,15.7,0,30,LOW
767,Tiflet,33.9,-6.33,2026-09-22,34.1,19.7,26.9,0.0,0,14.3,0,20,LOW
768,Tiflet,33.9,-6.33,2026-09-23,34.8,21.0,27.9,0.0,0,15.7,0,20,LOW
769,Tiflet,33.9,-6.33,2026-09-24,34.2,18.8,26.5,0.0,0,17.6,3,20,LOW
770,Tineghir,31.5147,-5.5328,2026-09-18,30.3,18.1,24.200000000000003,1.1,45,24.1,61,30,LOW
771,Tineghir,31.5147,-5.5328,2026-09-19,26.8,18.6,22.700000000000003,0.5,40,14.8,61,30,LOW
772,Tineghir,31.5147,-5.5328,2026-09-20,28.0,17.3,22.65,2.8,45,11.9,95,40,MEDIUM
773,Tineghir,31.5147,-5.5328,2026-09-21,28.6,18.2,23.4,0.6,53,23.2,2,40,MEDIUM
774,Tineghir,31.5147,-5.5328,2026-09-22,28.5,17.8,23.15,0.3,10,8.2,3,20,LOW
775,Tineghir,31.5147,-5.5328,2026-09-23,29.2,17.0,23.1,0.0,5,17.8,2,20,LOW
776,Tineghir,31.5147,-5.5328,2026-09-24,31.3,17.4,24.35,0.0,5,18.1,2,20,LOW
777,Tit Mellil,33.5533,-7.4822,2026-09-18,25.2,17.4,21.299999999999997,0.0,0,14.8,3,20,LOW
778,Tit Mellil,33.5533,-7.4822,2026-09-19,27.6,18.2,22.9,0.0,0,12.5,45,20,LOW
779,Tit Mellil,33.5533,-7.4822,2026-09-20,31.4,19.8,25.6,0.0,0,12.6,2,20,LOW
780,Tit Mellil,33.5533,-7.4822,2026-09-21,30.6,20.7,25.65,0.0,0,12.0,1,20,LOW
781,Tit Mellil,33.5533,-7.4822,2026-09-22,30.4,20.1,25.25,0.0,0,11.7,45,20,LOW
782,Tit Mellil,33.5533,-7.4822,2026-09-23,28.7,18.8,23.75,0.0,0,12.1,45,20,LOW
783,Tit Mellil,33.5533,-7.4822,2026-09-24,28.7,19.0,23.85,0.0,0,11.6,45,20,LOW
784,Tiznit,29.7,-9.7269,2026-09-18,24.9,18.8,21.85,0.0,0,20.3,2,5,LOW
785,Tiznit,29.7,-9.7269,2026-09-19,27.1,19.0,23.05,0.0,0,16.5,1,20,LOW
786,Tiznit,29.7,-9.7269,2026-09-20,29.0,20.1,24.55,0.0,0,11.0,3,20,LOW
787,Tiznit,29.7,-9.7269,2026-09-21,33.9,21.9,27.9,0.0,0,15.3,2,20,LOW
788,Tiznit,29.7,-9.7269,2026-09-22,32.8,23.4,28.099999999999998,0.0,0,16.7,0,20,LOW
789,Tiznit,29.7,-9.7269,2026-09-23,28.7,19.8,24.25,0.0,0,13.0,45,20,LOW
790,Tiznit,29.7,-9.7269,2026-09-24,27.4,17.8,22.6,0.0,0,13.3,45,20,LOW
791,Tétouan,35.5667,-5.3667,2026-09-18,26.3,17.9,22.1,0.0,0,21.6,3,20,LOW
792,Tétouan,35.5667,-5.3667,2026-09-19,25.8,22.2,24.0,0.0,3,30.8,2,25,LOW
793,Tétouan,35.5667,-5.3667,2026-09-20,26.3,23.0,24.65,0.0,5,24.9,3,20,LOW
794,Tétouan,35.5667,-5.3667,2026-09-21,27.1,22.8,24.950000000000003,0.0,0,27.4,2,20,LOW
795,Tétouan,35.5667,-5.3667,2026-09-22,26.9,21.2,24.049999999999997,0.0,0,20.1,2,20,LOW
796,Tétouan,35.5667,-5.3667,2026-09-23,27.4,20.8,24.1,0.0,0,17.6,2,20,LOW
797,Tétouan,35.5667,-5.3667,2026-09-24,28.3,19.3,23.8,0.0,0,14.6,45,20,LOW
798,Warzat,30.9167,-6.9167,2026-09-18,31.8,16.6,24.200000000000003,0.0,3,17.8,3,20,LOW
799,Warzat,30.9167,-6.9167,2026-09-19,31.2,18.5,24.85,0.0,15,26.6,3,20,LOW
800,Warzat,30.9167,-6.9167,2026-09-20,31.3,19.3,25.3,0.1,30,18.1,3,30,LOW
801,Warzat,30.9167,-6.9167,2026-09-21,31.1,19.5,25.3,1.3,20,16.2,80,30,LOW
802,Warzat,30.9167,-6.9167,2026-09-22,32.7,17.4,25.05,0.0,5,27.1,1,20,LOW
803,Warzat,30.9167,-6.9167,2026-09-23,32.3,15.7,24.0,0.0,3,7.4,2,15,LOW
804,Warzat,30.9167,-6.9167,2026-09-24,33.0,17.3,25.15,0.0,3,12.1,3,20,LOW
805,Youssoufia,32.25,-8.53,2026-09-18,30.0,16.5,23.25,0.0,0,16.6,1,20,LOW
806,Youssoufia,32.25,-8.53,2026-09-19,33.7,17.4,25.55,0.0,0,15.9,2,20,LOW
807,Youssoufia,32.25,-8.53,2026-09-20,35.1,21.4,28.25,0.0,0,17.9,2,30,LOW
808,Youssoufia,32.25,-8.53,2026-09-21,37.3,22.1,29.7,0.0,0,16.6,2,30,LOW
809,Youssoufia,32.25,-8.53,2026-09-22,36.4,19.8,28.1,0.0,0,16.6,0,30,LOW
810,Youssoufia,32.25,-8.53,2026-09-23,34.8,18.2,26.5,0.0,0,18.5,45,20,LOW
811,Youssoufia,32.25,-8.53,2026-09-24,33.0,19.0,26.0,0.0,3,16.6,45,20,LOW
812,Zagora,30.3316,-5.8376,2026-09-18,35.3,25.0,30.15,0.0,13,27.6,3,30,LOW
813,Zagora,30.3316,-5.8376,2026-09-19,34.1,24.8,29.450000000000003,0.0,5,29.5,3,20,LOW
814,Zagora,30.3316,-5.8376,2026-09-20,34.0,24.4,29.2,0.3,8,16.7,3,25,LOW
815,Zagora,30.3316,-5.8376,2026-09-21,33.7,24.8,29.25,1.7,20,9.2,80,25,LOW
816,Zagora,30.3316,-5.8376,2026-09-22,33.2,23.7,28.450000000000003,0.3,3,15.3,3,25,LOW
817,Zagora,30.3316,-5.8376,2026-09-23,33.1,22.9,28.0,0.0,3,13.7,2,20,LOW
818,Zagora,30.3316,-5.8376,2026-09-24,34.9,23.7,29.299999999999997,0.0,3,15.3,2,20,LOW
819,Zawyat ech Cheïkh,32.6541,-5.9214,2026-09-18,32.2,14.9,23.55,0.0,0,10.8,3,20,LOW
820,Zawyat ech Cheïkh,32.6541,-5.9214,2026-09-19,35.0,19.1,27.05,0.0,3,13.0,2,30,LOW
821,Zawyat ech Cheïkh,32.6541,-5.9214,2026-09-20,35.8,19.9,27.849999999999998,0.0,5,15.9,3,30,LOW
822,Zawyat ech Cheïkh,32.6541,-5.9214,2026-09-21,35.3,18.6,26.95,0.0,3,14.1,3,30,LOW
823,Zawyat ech Cheïkh,32.6541,-5.9214,2026-09-22,33.6,17.9,25.75,0.0,3,15.5,3,20,LOW
824,Zawyat ech Cheïkh,32.6541,-5.9214,2026-09-23,34.8,17.7,26.25,0.0,0,12.0,1,20,LOW
825,Zawyat ech Cheïkh,32.6541,-5.9214,2026-09-24,35.3,18.2,26.75,0.0,0,14.2,3,30,LOW
826,Zaïo,34.9396,-2.7334,2026-09-18,27.8,19.0,23.4,0.0,0,17.6,45,20,LOW
827,Zaïo,34.9396,-2.7334,2026-09-19,28.2,20.7,24.45,0.1,5,24.7,3,25,LOW
828,Zaïo,34.9396,-2.7334,2026-09-20,29.3,21.9,25.6,0.0,3,24.4,45,20,LOW
829,Zaïo,34.9396,-2.7334,2026-09-21,27.7,19.8,23.75,0.0,3,22.0,3,20,LOW
830,Zaïo,34.9396,-2.7334,2026-09-22,29.3,17.9,23.6,0.0,0,12.8,45,20,LOW
831,Zaïo,34.9396,-2.7334,2026-09-23,30.1,18.0,24.05,0.0,0,15.1,45,20,LOW
832,Zaïo,34.9396,-2.7334,2026-09-24,31.7,13.6,22.65,0.0,0,13.9,0,20,LOW
833,Zeghanghane,35.1575,-3.0017,2026-09-18,26.2,19.2,22.7,0.0,8,22.1,3,20,LOW
834,Zeghanghane,35.1575,-3.0017,2026-09-19,25.7,22.0,23.85,0.6,18,30.0,3,45,MEDIUM
835,Zeghanghane,35.1575,-3.0017,2026-09-20,26.3,22.3,24.3,1.2,43,29.2,3,30,LOW
836,Zeghanghane,35.1575,-3.0017,2026-09-21,26.5,21.7,24.1,0.0,10,21.1,3,20,LOW
837,Zeghanghane,35.1575,-3.0017,2026-09-22,26.8,18.8,22.8,0.0,0,20.1,2,20,LOW
838,Zeghanghane,35.1575,-3.0017,2026-09-23,28.2,18.8,23.5,0.0,0,13.3,45,20,LOW
839,Zeghanghane,35.1575,-3.0017,2026-09-24,29.7,15.5,22.6,0.0,0,11.8,1,20,LOW
